text,label
"AITA for thinking we shouldn't have to pay?

AITA? My neighbors - who have been lovely friends over the years - had season tickets for our local NFL team and were unable to attend a recent game. They offered the tickets to me and my husband, saying that they didn't want them to go to waste - never once mentioning that they wanted anything in return. As my husband had never been to a game, we decided that it might be a good opportunity since we would never, ever spend money on our own to do that. We also canceled other plans for that day where we had pre-paid for the activities at a loss of about $100. But we felt that was a fair trade for the chance to go to a big football game. Unfortunately, we got hosed on parking, having to pay $125 for a spot because of the late notice and just not knowing any better since we don't typically go to things like this. So today, I send a thank you text to the neighbors saying how we appreciated them thinking of us and sharing the tickets. They replied by telling me that we owe them $300 for the tickets. I honestly don't even know how to respond. I am so upset because if they had said that from the beginning, there is no way we would have accepted. We just don't spend money like that - especially when we really aren't football fans in the first place and we aren't wealthy. The day is ending up costing us over $500 now, which is a lot of money for us to miss... And it's making us feel different about our neighbors now.",nta
"AITA? Too loud music in a small warehouse
Just wondering if I’m the a hole in this situation. So I have worked at my job for over four years and my younger coworker has only been there for about two. Our roles got switched and he became the lead over our department and somehow that gives him license to force all of us to listen to crappy bluegrass/country music. And sure, that would be fine if the volume stayed reasonable. But this guy turns it up so loud that I can hear it over my own NOISE CANCELLING earbuds at full volume. I can’t listen to anything. Not my books or my podcasts and not even some music unless it’s like head banging, heavy guitar music. Which I do not listen to a lot of. I have a mental disorder that causes me to lose focus and also to get easily overwhelmed and his music does not help a lot of the time. My boss is fully aware of my disorder and knows my situation. This guy and I have had many problems (like him trying to be my boss when he’s not. He’s just the department lead and only supposed to be giving out orders for building). This is a small company. We have less than 50 people in the entire company. Am I the a hole for getting annoyed/angry over this? I don’t want to be a baby about it but how is it fair that I can’t even listen to my own stuff because of him and the Ryobi speaker that he usually has sitting right beside him? Why does it have to be window rattling loud? Not everyone wants to hear it. Most of everyone back there also listens to their own earbuds and often cover both ears when he turns the speaker on. Would it be fair to ask him to lower the volume? I’m also afraid to approach him about it, given that our history is not super great. Thoughts?",nta
"AITA for asking my younger sister to brush her teeth?
for context, my sister is 12, and im 17.

almost daily i have to remind her to brush her teeth because it the smell just genuinely irritates me, i obviously ask nicely at first, but she almost always escalates into an argument. most of the time its at night, right before i brush my teeth and wash, shell be in the bathroom. (NOT brushing her teeth) so I ask her to brush them so I can use the bathroom after her (since I take longer). pretty much everytime she starts immediately yelling at me, and then my parents also then start yelling at me to 'not parent her' (despite their clear lack of parenting), but I really cant find the issue?? she's unhygienic in general, doesn't tidy and hardly showers, but her not brushing her teeth puts me off being near her, and its obviously not good if she doesnt brush her teeth. my parents dont care if she's unhygienic either, but again, I cant find the issue with me reminding her nicely every so often to shower/brush her teeth.",nta
"AITA for 'betraying' my dad and 'deceiving' my boyfriend?
I, woman (1st) apparently deceived my boyfriend, man (1st) and betrayed my father by wanting to pursue higher education.
Context: I have been coddled my entire life by my dad and I had never been given the option to advance my learning as he did not believe that was something that I needed. I listened to him for a long time, accepting his word as gospel until I had finally had enough. A friend of mine convinced me that there was absolutely nothing wrong with wanting to pursue an education and I could not help but agree. I convinced my boyfriend to do the same, and he eventually gave in, also wanting the same thing; until our dad found out. He completely lost it, kicking us both out of our home and telling us we are never welcome back again. I fear that such a big reaction was not necessary and I tried to convince him to let us stay, but sadly not much came from that. My boyfriend completely blames me for this whole thing and now him and our dad won't talk to me. AITA?",nta
"AITAH, because I don't want to be an unpaid therapist?
I 20F, became friends with 20F as a freshman in university last year. We became close quickly during the initial days & have been friends ever since.

The problem started a few months into our friendship when she started opening up about her life to me.

I know it sounds wrong and I do love being a listener to my friends and supporting them emotionally.

The issue is, the listening has become my job only. It has become a rule in our friendship that only she gets to open up about herself. Whenever I tried to talk about something that's been happening to me her only response is either ""oh, anyways"" or she completely chooses to ignore me & just jump on her problems, I try my best to comfort her & offer solutions but it never seems to work.

It has gotten to a point that I've started feeling less like a friend and more like an unpaid therapist.

During the past month, we were on a summer break and because we live in separate cities, we didn't hung out and honestly nor did I contacted her on phone.

Last week, university started and I was dreading meeting her because of how emotionally exhausted I become after spending a few hours with her. Its the same old stories over and over again without asking the other person how he/she is doing.

Anyways, I went to uni and met her in class. She ""confronted"" me saying I ghosted her the whole summer and didn't care how she was doing. I kinda lost it and said talking to her is exhausting for me because everything is about her & her problems and she never once asked me what I was going through, efforts should be mutual.

Now she's calling me an AH, saying I'm a selfish person who doesn't care about her friends & the world doesn't revolve around me (the irony)

So aitah?",nta
"AITA for refusing my friend’s offer to lend me $2,000 for a trip?
I’m 30F and earn about $970 a month (I live in Türkiye). I currently have around $1,500 in debt. My close friend wants me to go to Seoul with her in November and offered to lend me up to $2,000. She said I can pay her back whenever I’m financially able to.

It’s already mid-September, and I made a personal rule for myself that I want to pay off all my current debts by December. Because of that, I really don’t want to take on another debt just for a trip. $2,000 is also more than two months of my income, so it’s a lot of money for me.

I really appreciate that she wants to help me, but I said no. I don’t like owing money, even to people I trust. I can lend money to my friends without thinking twice and trust them to pay me back when they can, but when I’m the one who owes money, it makes me uncomfortable.

She got hurt and angry and said she feels like I’m rejecting her help. She says she is offering because she cares about me and wants me to be able to go on this trip with her.

I told her it’s not about not trusting her or not appreciating her. I just want to clear my current debts first and then travel when I can actually afford it.

Now I feel guilty because I know she genuinely wants to do something nice for me.

AITA for refusing the loan?",nta
"AITA for telling my mom she made a mistake
For context: I (17M) have to deal with a dog my mom (50F) got around one to two years ago. We already have a crap ton of other animals, along with two big dogs, which this smaller dog cannot interact with on account of both my mom *and* my dad (47M) are afraid the big dogs will eat the little one. I personally couldn't care less anymore because this smaller dog has already put me through hell. I had to take care of my *mom*'s dog (and I really want to make sure I got the fact that my mom got this dog for herself painfully clear) while my mom was dealing with kidney stones, menopause, and shingles just recently (I'm assuming from the stress of kidney stones and menopause). This isn't all recently either, the kidney stones were literally soon after my mom got the dog, menopause kicked in soon after that, and my mom is only now getting shingles with kidney stones off and on bugging her. My dad can't help because he's out working all the time, and I'd like to get a job myself, but I'm the only one able to hold the house together as of late (this not only includes house chores, but yard work. Because y'know, moving up to the mountains was the most logical choice during Covid), and I've even neglected my own mental health to help my parents. I tried telling my mom this little dog is causing more problems than solving the ""puppy love"" deficiency she was convinced she needed by one of her friends, but my mom arrogantly believes this dog is contributing and told me I'm overreacting. Big spoiler: it doesn't do diddly dick for us and only causes problems and damage. Not to mention my father agrees with me on this. Idk what I can do at this point. I've already lost a good week's worth of sleep because of this dog and my dad taking my mom to and back from the hospital, I'm always the one cleaning up its piss and shit, I wash it, I feed it, I clip its nails. I take care of it. It does nothing but acts as an accessory that weighs us down.

Am I the asshole for telling my mom getting this dog was a horrible mistake?",nta
"AITA for skipping school for pokemon
I chose to skip school for the 30th anniversary drop, nothing serious. When I came back, my 5th period teacher called me a “retard” and “dumbass,” then kicked me out. He usually curses in class, so should I report him or just let it go? What do I do? Probably never gonna do this again because most people are just unemployed and I barely got product.",nta
"AITA for being upset that my friends keep telling me I “should have come” to things I was never invited to?
I (26f) am really confused about where I stand with my friend group. There are five of us. I’ve been friends with one of them for almost 20 years, and I met the other three through an activity around four years ago. Now there are two couples and me. I don’t expect to be invited to everything, but lately there’s been a pattern that’s really bothering me.

They’ll talk about a show they watched together, I’ll say I haven’t seen it because I don’t have the streaming service, and they’ll say, “You should’ve come over and watched it with us!” But I wasn’t invited.

They recently went on vacation together and afterward kept saying things like, “You should’ve been there, you would’ve had so much fun.” Again, I would have gone in a heartbeat, but nobody asked me.

I’d say I’m invited to maybe half the things they do. I don’t want to bring it up because two of them are pretty sensitive to criticism, and honestly I’m scared that saying something will make things worse and I’ll stop getting invited to anything. The bigger issue is that these are genuinely my only friends. I work and go to school, and these four people are basically my entire social life. I don’t have another group to fall back on.

So I don’t know what to do. Should I just be grateful for the things I am invited to and stop caring about the rest? Should I bring it up privately with my best friend? Or am I justified in being hurt when people repeatedly tell me I “should’ve been there” for things I was never invited to?",nta
"AITA for not wanting to keep my bedroom door closed because my roommate's cat prefers spending time with me?
I live with two roommates, one of whom has a cat. There’s been an odd situation developing regarding the cat and my bedroom.
I pretty much always leave my bedroom door open when I’m home. I’m used to it, and I like being able to see and hear what’s going on around the house. The cat is allowed to wander around, so naturally they frequently come into my room.
The cat and I are particularly close. I’m clearly their favorite person in the house. Whenever I’m home, they follow me around, sit at my feet, and generally want to be wherever I am. My room has also basically become their safe space, and they spend a lot of time in there hanging out near me.
Recently, my roommate told me he doesn't want the cat going into my room anymore and wants me to keep my bedroom door closed from now on.
I’m trying to respect that. The cat is his, so I understand that he gets to decide where the cat is and isn't allowed to go. I haven't been deliberately encouraging the cat to come into my room.
The problem is that I really don't like having my door closed all the time. It makes me feel isolated from the rest of the house, and it's just not how I'm accustomed to living. Having my door open has never been an issue before, and now I feel like I have to keep my room shut off simply because the cat might want to come inside.
My roommate's reasoning is that he misses when the cat would spend more time in the living room, be more social with everyone, and greet people when they came home. Since becoming attached to me, the cat now spends much of their time in my room toward the back of the house.
Given the circumstances, I’m pretty convinced my roommate is at least partly jealous of the relationship I've developed with his cat. I understand why he might feel that way, but I don't think either of us can control who the cat chooses to spend time with.
What's also strange is that even when I keep my door closed, the cat still spends a lot of time sitting outside my door. So I'm not sure closing the door actually solves the underlying problem—it just prevents the cat from being inside while leaving them right outside.
I’m willing to respect the rule that the cat isn't allowed in my room. What I'm questioning is whether that means I should have to keep my bedroom door closed 24/7 to enforce it.
It seems like there might be other ways to encourage the cat to spend more time in the living room—playing with them there, giving treats there, moving some of their favorite things there, etc.
AITA for not wanting to keep my bedroom door closed all the time, even though I'm trying to respect my roommate's wishes about his cat? And are there any other solutions I'm overlooking that could accomplish what my roommate wants without requiring me to keep my door closed constantly?",nta
"AITA for asking two older men to leave our table at a busy pub?
I (23F) went out for a drink and meal with my friend (23F) the other day. We both work full-time and Monday is basically the only day we can meet, so we hadn't seen each other in 2–3 weeks and were really excited to catch up.

We went to a fairly popular chain pub in the UK. It was quite busy, although there were still some tables available when we arrived. We ordered our food and drinks and sat at a booth-style table. The table was definitely big enough for four people, but there were only two of us. We chose it because the pub was busy, and we thought that if a larger group needed the table, we'd obviously move or offer them the space.

We were sitting there chatting when two older men, probably in their 70s or 80s, came over and sat down at our table without asking.

One of them put his coat around the chair opposite me, while the other actually slid into the booth next to me.

My friend and I basically just stopped talking and looked at each other awkwardly because we weren't expecting anyone to sit with us. One of the men just said, ""Boy, it's so busy today.""

We pointed out that there seemed to be other tables available and that a table behind us had actually just become free. We were trying to hint that we'd rather they sat somewhere else rather than directly joining us.

The man sitting next to me basically said that they were just going to sit here.

We then mentioned that we'd already ordered food and drinks, maybe they thought we'd be leaving soon? He said that they were getting food too and smiled.

At that point, his friend picked up his coat and said something along the lines of, ""Come on, it's clear they don't want us here.""

The man sitting in the booth next to me then stood up and said, ""It's clear when we're not wanted.""

They left and we carried on with our meal. But felt a tad bit awkward and off after that as to us it just felt really odd

Now I'm wondering whether we were actually being rude? I understand that the table technically seats four people, and I don't have a problem sharing a table if a pub is genuinely full. But in this case, there appeared to be other tables available.

It also felt particularly strange to me that they chose to sit directly at a table with two young women who were already eating/drinking, rather than simply asking if they could share?

So, AITA for making it clear that we didn't want them to sit with us? Is sharing tables with strangers something that's considered completely normal in UK pubs. Should we have just left it and pretended like they weren't there

EDIT: just a quick edit to explain some things, if the men were young we would've still been creeped out. I can see what people mean by their ages not being necessary in this, I only mentioned it to give as much context as possible.

I love talking to new people on nights out, there's honestly nothing better and when it's the right mood I can sit and talk to a stranger for ages. But I have been going through a lot of personal stuff this month, nearly lost someone close to me so I personally just wanted to have a nice drink and meal with my close friend and talk about it because it's been a really tough month.

the booth I was sat in was a weird right angle booth so I was trapped in which is why I felt particularly uncomfortable

And yes it was a Spoons (Wetherspoons) I assumed it was mostly Americans on here so thought if I just said spoons they'd be confused 😂

I also should mentioned about 5 minutes after they had left, I got up to go get some condiments for me and my friend. And saw a different area that was blocked off from our point of view in the booth. And pretty much the ENTIRE area was free",nta
"AITA If I don't include my invitees after they ""forgot"" to RSVP at a specific date?
We're throwing party for our child, the venue only accommodates specific number of adults and kids at the package we purchased. Now, some of the invitees are barely RSVPing after the date we have listed on the invitation. We have already invited other people to fill the seats. Technically, we can accommodate them by paying additional, but because of the budget constraints, we prefer not to spend any more money. Note that it's $30 per adult and $25 per kid for additional guests. Is it inappropriate to turn them away? If not, how should we properly handle it without offending them? We're very conflicted and annoyed at the same time.

EDIT:
- RSVP by date was clearly indicated on the invitation
- Invitation was sent via text and confirmed receipt
- No reminders was sent, I didn't feel like it was necessary given that invitation was sent only a month away from the event date

Additional Edit:
I think I'm pretty clear that majority understands the concept of RSVP. Thank you everyone. Yes, I could be enforced it by sending them an RSVP reminder, but I didn't think it was necessary given this is not a formal event like wedding. It's a 2nd birthday party. Yes, I could be an AH for not setting up a reminder, but at the same time I could tell them that they are an AH too for not prioritizing it by setting up reminders.

I sincerely wish I don't have to control the number of our guests, but life as it is. Also, for individuals wondering why it's so expensive, I think the venue purposefully set that amount to get more revenue of course. The package I bought versus if I'm going to divide it to the number of included guests wouldn't be that expensive.",nta
"AITA for not supporting my sisters dumb decision.
My sister is 19, she had a bit of autism and she met someone 3 months ago. In my house there is Me, my mom, my brother, my little sister and on the other side we have my mom's boyfriend, his 2 daughters and son. My mom's boyfriend doesn't care AT ALL what goes on in the house. He allows his kids to smoke weed, vape, get drunk with friends every night (they aren't the age to drink) and whatever. My mom is a bit stricter. She wants basic things done like chores and stuff like that but nobody in the house does anything really. My mom's boyfriend works for a big electric company and has to go out of state nearly every week, leaving just my mom. For those reasons, almost everyone started hating my mom for basic things when all she's trying to do is her best. She has MS, can't really work fully besides doordash and she's the one paying for the food, Internet, most of the bills.

Yet.. they keep yelling at her and hating her for turning their wifi off at night for not doing anything. Like.. it's really not that hard. My sister was the main one that hated my mom because she truly doesn't want to do ANYTHING. She lays in her bed all day and just goes on and on about how ""she doesn't need to do anything because she's 19"" and all that. Well, Apparently my sister somehow met someone 3 months ago in California.. We live in Kentucky. They started dating I guess and the dude kept saying this date over and over. Sep 9th... What did it mean? Well, my sister gave him our address... He took a plane to the Louisville airport, took a 2 hour Uber to meet her in Kentucky... Only thing strange? He brought suitcases.

He literally gave my sister suitcases to move her out. To CALIFORNIA. Now.. I get she's an adult but. She literally never had a job, never had an ID, barely wants to even do anything so... Yeah.. she packed a suitcase and they went to the library across the street from us. Didn't tell her family anything. I had to go over to the library because she didn't even say bye to her only living parent. She basically said ""bye"" and that's it, walked off.

My mom, while she was packing was talking her out of it. The dude literally was threatening my mom saying ""she can do what she wants and you never let anyone be happy and she hates you"" and stuff like that. it failed. My sister and this dude she met 3 months ago online took Uber to a hotel and stayed the night. They then took multiple busses and made it to California a few days ago. I don't know how this 18 year old dude has so much money for working in fast food but hey, he spent like $7k for all this total my sister said. My sister found out this dude lied about his name, she told my mom and my mom said it's gonna be the stupidest decision you ever made because nobody can save you if something happens. She then blocked literally every family member. Grandpa, uncle, mom, me, brother, every single family member and sent them a message saying that we destroyed her life and never supported anything she has done",nta
"WIBTA if I refused to go to a housewarming party because I didn’t like some of the people there?
FAKE NAMES USED
Ok so I (20F) and, Erica (20F) and her boyfriend are hosting a housewarming party. Me and Erica met when we were 18 in student accommodation where we were flatmates for a year. During that year we had five other flat mates, one of which I did not get along with whatsoever and another, Jess (20F), who we had a fight and although all ended in decent terms, I don’t want anything to do with her. My biggest issue is her boyfriend (24M). We went on a night out and I was accused of flirting with him by her and she yelled at me in front of our whole flat to the point I cried because during that time I suffered really bad mentally and I proceeded to apologise to her and him for any discomfort or wrong idea ideas that I might have imposed.
I also brought up the fact that he made several racist comments about India, although I am not Indian, I did spend seven years (6-13) living there and I consider it a place that I call home. He told me he would not be apologising for those comments because of what I was doing (unintentionally flirting even after i apologised) and because I wasn’t Indian. Because of this whole ordeal, I really do not want anything to do with them and my friend Erica said she was no longer in contact with them either.
I have come to find out that they have both been invited to her housewarming party and I do not want to be in the same room as them. I don’t know if the reasons that I have given is enough to say that I don’t want to be around them because I am genuinely uncomfortable to be around either of them. However, I really do care about my friend Erica, and it’s not something I want to just bail on now.
I do not know if this makes a lot of sense I don’t know who else to phrase it.
There is also several other weird things about Jesss bf, like how they met when she was 14 and he was 18 and other racist stuff he has said which has added to me not wanting to be around him.

So wibta if I did not go to the housewarming?

Small update:
Another friend messaged me being like wtf????? Cause she was another of the flatmates that was living with us back then and she knows all of this so ik im not crazy.",nta
"AITA: Photographers tune in
What happened: So I decided trade services with an influencer; trading my photos & husband’s video work for her modeling on my content day where she’s going to make her own dress and come to the shoot with makeup. She was going to trade her modeling for photos & videos she needs for an event she’s organizing.

Where the conflict started: We initially scheduled for 2 shoots (one photoshoot prior to the event and event photography the day of the event). When the project eventually unfolded, it turned out to be 3 photoshoots, she just assumed this will be okay I guess? I rolled with it, eating the cost of at least $500 since she was an influencer & this was an opportunity for my business.

Then she wanted the photos & videos in 5 days so that she can launch. Our standard turnaround is 2 weeks. I told her that but let her know in person that if that’s what she needs, I can deliver. Mind you, we were still busy unpacking at the new apartment. So we were busier than usual.

The other point of conflict was she didn’t like my color grade, but I handled it professionally and didn’t take it personally so I changed my editing style to match another photographer’s work that she’s wanting… as per her request. I had to redo 4 hours worth of work btw. But alas, I delivered all the photos prior to launch & my husband delivered his.

Next, I waited till she launched for a few days… so I could upload the photos on my socials. When I tagged her, she said she wasn’t ready to release them. So I took them down from my stories & replied to her.

Fast forward weeks later, the event planner reached out to me letting me know of the schedule of the upcoming event and what to expect. I saw that she hired another photographer, THE EXACT SAME PHOTOGRAPHER she referenced… I replied professionally asking what are the photographers’ roles as I didn’t want to step on the photographer’s toes…

Idk chat, I’m feeling weird about this. Did I do something wrong? I’m a trauma victim so I feel like everything is my fault, but at the same time I’m trying to be more accountable. AITA??",nta
"AITA for not telling my cousin about something I overheard?
A few weeks ago, I was on my computer while my mom was on the phone. I wasn't intentionally listening, but I could hear parts of the conversation in the background. I thought she was probably talking to a family member, but I didn't actually know who she was talking to.
From what I overheard, I gathered that the person my mom was talking to wanted some space from their spouse and might be staying somewhere else for a while. That was basically all I knew. I didn't know who the person was, what the situation actually was, or whether I had even understood the conversation correctly.
Later, my cousin told me that this was about her parents. I immediately responded, “I know.”
She was confused, so I immediately explained that I didn't actually know. I had only overheard part of a conversation, didn't know who my mom was talking to, and had no idea that the conversation was about her parents.
At the time, she seemed to take it relatively lightly and even joked that I must have it out for her that day. We moved on from the conversation.
Apparently, she thought about it more afterward and became upset. Instead of contacting me directly, she asked someone to ask my mom to ask me to apologize.
Eventually, she did contact me and explained that what upset her wasn't just that I said “I know.” She was also upset that I had apparently heard the conversation before she told me and didn't immediately tell her what I had overheard.
This is where I feel like we fundamentally disagree.
Even if I had been 100% certain that the conversation I overheard was about her parents, I still would not have gone to my cousin and told her about it before her mom had a chance to tell her herself. It isn’t my information to share.
I absolutely acknowledge that saying “I know” was a bad choice of words. I understand why that made it sound like I had known about her parents the whole time and deliberately kept it from her. I should have phrased it differently.
But I don't feel that I should apologize for not telling her immediately about the conversation. She seems to feel that I should have told her even if I wasn't sure who it was about.
Another part of this is that she didn't actually talk to me about how upset she was for quite a while. She was apparently thinking about it and getting more upset, but I didn't know that. She gave me the silent treatment for an half an hour without telling me what was wrong, I just figured she was overstimulated or something. She felt like I was being defensive and making excuses, while I felt like I was explaining because the actual circumstances mattered.
So I can accept responsibility for saying “I know” when I should have chosen my words better. But I don't think I should apologize for not immediately telling her something that I wasn't sure about, and I especially don't think I should have told her even if I had been certain, because I believe that decision belonged to her mom.
So, AITA?",nta
"AITA? Man yells at me in traffic, then we go to the same cafe.
Today I was driving in a quant area and was turning onto a Main Street. As I was waiting for a car to go past so I could turn, the male driver started aggressively signalling at me, ten seconds later he yells out ‘wake the F up you F\\\*\\\*king idiot’ and was waving his hands around. I flipped him the bird and drove off. For context I am a female and this man was about 20 years older than me. I think he was waiting for me to drive in front of him but it wasn’t clear to me because his signalling was off.

Then, I park and go to a cafe where lo and behold, who should I see, no other than the man!

I asked him if he was the one just swearing at me. At that point, I kind of was naively thinking we could discuss what had happened calmly and resolve it. But he said ‘you couldn’t just let it go, could you’ then he told me to shut the F up and stop talking about it, which is where others in the cafe told him to calm down.

A lady beside me said that I did a good job in sticking up for myself. Then the man turned around and told me to stop talking about. I said I am not talking to him. When he left with his takeaway order, I said loudly “have a lovely day, you wonderful human”.

I know I could have just let it go when I saw him in the cafe but 2 mins prior he was screaming and swearing at me in the traffic.

I think if I didn’t stick up for myself I would have regretted it. But either way, it was all rather unpleasant",nta
"AITA for not forgiving my older brother the fact that he ruined my friendships because he was feeling insecure with his partner?
So let have the important people here (Fake names btw, each one based on things they like): Sans(Older Brother) Abbacio(Brother's -Ex-Partner maybe re-partner), Red(Best Friend 1), Kukulkan(Best Friend 2) and Kayn(Crush).
Okay a little of context, I'm queer and autistic person with ADHD and BPD (Yeah, like one of the Twitter Quirky Chungus people).
The thing, I was planning to meet my Kayn this year around my birthday since 2024 (my birthday is in october tho), but I had an Autistic Burnout december of 2025 wich lasted until May 2026 because family stuff and since A is my caretaker, he convinced me and my friends to have the contacts of Red, Kukulkan and Kayn since they were worried for me, but also happened that Sans and Abbacio were going on a difficult stage of their relationship since they are poliamorous but Sans couldn't find any girl to add to his polycule but his partner kept more people for themselves, also he felt very abandoned and he used to vent to me about that, and telling that Kayn, Kukulkan and Red were shitty people who would abandon me because I'm evil and fucked up and they were also fricks but at the same time he was talking to them behind me to babysit me like a child (I know this because Sans read me what he sent to them to probe that they were bad people) and well I was also kinda mad at them because during the Burnout I was more influenciable so yeah... Now the three of them don't want to meet me IRL because they felt uncomfortable with me this year and also they felt very uncomfortable with Sans too, they even told me that they couldn't block Sans because it was his duty to not be a dick...
Now let's be fast forward and last month Abbacio finally broke up with Sans, I had to do all the instrospection work he had, and now Sans and Abbacio may be partners agains... But Sans told me that he was jealous of my friends and that he kinda hopped that my friends would leave because they were assholes or me... So he won't feel misserable being along without his sexual partner.
A month has happened and I'm faking being comfortable with Sans and we even go outside togeteher to do plans, and today Sans told me he felt relieved that I forgive him, but I've told him that neither I would forgive him nor trust him and that I would cut relation with him If I could live at my own on a casual manner but somehow he felt hurted with that, kinda mad too... But I don't get it, he hurted me and he openly admited to sabotage my 3 biggest relationships because he was jealous, but I don't want to hurt him too, am I the asshole or should I left him ''hurt''?

Sorry also for not redacting not so well, I don't wanna make this further than 3000 characters because there's so much much context and people I have skipped here ^^''",nta
"AITA for defending my husband after my mom called him cheap and disrespectful over $14 change?
My husband and I got married earlier this year. My mom recently visited us, and we took her to a farmers market. I asked my husband to give her $40 as the food stall she wanted to buy food from only accepted cash.

After we got the food, it started pouring. While we were waiting for the rain to stop, my husband asked my mom if she had gotten the change.
My mom later told me when we were alone that she was holding onto the change because she wanted to buy something else. And she was offended by his question. She called my husband disrespectful. She said she had planned to return the money, but the way he asked made her feel like he thought she was going to pocket it.

I told her I didn’t want to keep hearing her ranting over $14 and that she should take it up with my husband as I didn’t want to hear it anymore. She ended up texting him a week later, telling him how disappointed she was.

My husband was mortified and genuinely didn’t understand what he had done wrong. He apologized to keep the peace, but she never acknowledged his apology.

I refused to side with my mom because I think turning a $14 misunderstanding into a family conflict is ridiculous. We kept arguing, and I may have said some hurtful things about her husband. I asked her why she couldn’t just let it go when my husband clearly didn’t intend to be disrespectful. I brought up how she asked me to pay half of a $1,000 birthday gift for my stepdad and I gladly obliged even though he’s not my father. I don’t even spend that much on my own father, and my stepdad married my mom when I was 18. I still call him my stepdad, but he is really just my mom’s husband.

My mom then called me ungrateful and threatened to cut ties with me. She said her husband had loaned me money to buy car to pay for college before, and had helped me more than my own father (my dad didn’t have a lot and lived in a poor country). She also brought up all the things she’s done for us, including cooking and buying us things, as if we were ungrateful. She is generous, but I sometimes feel like she uses her generosity against us during arguments.

This isn’t the first time she has threatened to cut me off during an argument, but it’s the first time my husband has been involved.

I love my mom and appreciate everything she has done for me, but I feel like this situation has become much bigger than it ever needed to be. I also worry that this will permanently affect how my husband sees her.

AITA? She won’t talk to me now.",nta
"AITA for picking up my grandkid and putting them in time out in front of my DIL
I am being told I need to apologize and I don’t wish to at all.

For context of the family. I have three sons and one daughter. Everyone is married and I get along with all the spouses expect my one of my DILs. I will call her Ruby.

Yesterday we were at a my three year olds granddaughter ( my daughter’s kid) party yesterday. It was only family and basically everyone was there. In total 8 grandkids.

This is about Rubys oldest. He is 4 and a terror. I will call him  Axel. Ruby was alone with the kids since my son was at work ( works in the medial field so nonstandard hours) 

Axel the whole time I was causing chaos. He was pushing people. Running around like crazy and was screaming constantly. I talked to Ruby and she just said he was having fun. I know another parent talked to her and it was the same thing

When the cake was about to be cut he started to throw things on the table. At that point I had enough and picked him up and took him out of the room. 

I put the kid in timeout. This is when I got into a huge fight with Ruby. She is pissed I would disapline her kid. She told me I had not right to do that and I told her I wouldn’t have to if she would parent him. 

We got into a worse argument and she stormed off. This argument happened away from the rest of the party. My daughter thanked me for removing him since (her words) “ the kid is a brat”.

I got a call from my son saying I need to apologize for undermining Ruby parenting. I told him no and that those two need to parent there kid. That what happened was ridiculous and he needs to get their shit together raising Axel. ",nta
"AITA for wanting privacy in my own room?
Context: I live with my family and have had my own room for about 5 years now while I save up to move out. Recently my younger sister got into some trouble and moved in but unfortunately she has to room with me because we have no available rooms. She currently does not have a job while I do and pay rent. I work long hours in a hospital in their kitchen and covet my days off because they’re my only time to relax and not have to be around people.

I want more privacy for myself but my younger sister refuses, saying that she has no other place to go in the house and it’s too hot outside. I just want a minimum of an hour or two to be alone.

Am I the A-Hole for wanting privacy?",nta
"WIBTA If I Waited Until the Last Minute to Tell My Roommate I'm Moving?
So, I (20F) should start out by saying that I live in a college dorm, not an apartment. So, this is not a matter of cost.

My roommate, ""Penelope"" (19F) and I moved in together by lottery selection. I never met her before we moved in together, but I had to rely on that because I originally wanted to move into a single, cost got raised, it was out of my budget, and I couldn't find a roommate on my own when I decided to move to a double.

We got along great when we were talking over the summer... but things changed when we moved in together.

Our lifestyles are very different in ways we can't meet in the middle on and whenever I tried to communicate any issues to her, she would just get defensive or cry and nothing would change. And if Penelope had an issue with me, she wouldn't communicate it and would just either glare at me when I did said thing or complain to other people until I finally caught on. She's also just a very petty person and would intentionally do things she knows bothers me if she were mad at me.

If the circumstances were just a little different, I wouldn't say a word to her about moving. However, she uses my fridge, freezer, and microwave. Despite this, she does a horrible job at helping keep it maintained, the one condition I had for her using them. Last I checked, Penelope does have food in the fridge but only a small container of it. This is the only thing that's been making me question how I should go about it. Because as far as I know, she only puts small amounts of food and drinks (like 1-2 things) in the fridge at a time, whilst also still making a mess each time somehow. And, before anyone questions it, she never cleans up the messes. She has me do it since it's my fridge, something I mentioned to my RA when making the move request.

I've asked for advice from multiple people and the advice I got was very divided. So, what I decided was that I'd just give her a 24-hour advance that I was moving (just so that she can figure out what to do with whatever food she has in the fridge and make sure she doesn't buy anything that needs to be refrigerated in that time). I feel like this is very fair, especially with how poorly Penelope's treated me. But I'm still a little torn, especially with some people saying that 24 hours isn't long enough and others saying I shouldn't say anything at all. WIBTA for going about moving like this?",nta
"AITA my studio kicked me out
Hi all. This is a bit long but I’m looking for advice on how to handle a situation with my studio.
I’m 2 months into dancing, and have never danced before. I absolutely love it and have become really involved with my studio and the community. I was going 5-6 days a week at one point, I share/comment on their posts, have brought people to the studio, and have even tried connecting them with local events. I genuinely loved the studio and wanted to continue being there.
I took a break from the studio bc of some miscommunication in terms of canceeltions and extra charges and loss of credits. For example, I canceled a class 2 hours before , paid the cancellation fee and lost 2 credits, which I was fine with. Later I was told I was -$25 in my account, for missing the class. Then I was accidentally charged $50 instead of $25, and they refunded the extra $25 when I brought it up. I just felt uncomfortable so I stepped away for a few weeks.
I recently came back because I was invited to perform locally and wanted to give the studio another chance. I was planning to buy another $200 membership and practice more for the show.
While I was there, a friend asked why I had taken a break. I quietly told her that there had been some financial miscommunication with the studio and that I had taken some time away while it was being sorted out. That was literally the extent of it.
A few days later, the owner called me and said their AI cameras picked up my conversation and that I was “talking shit” about the studio. She said I told my friend they were “stealing my money” and that they “sketched me out.” I did NOT say that and would never claim they were stealing from me. I told her I was sorry but hoping she’d review the audio again because I didn’t say that.
We went back and forth for about an hour. She told me I’m no longer allowed to participate in the performance because their trust in me is gone. She said they had been “doing me favors” for me and that it was “super disappointing” to see me talk badly about them. She said I can still come back to the studio and that she “wouldn’t be mean to me,” but honestly I feel extremely uncomfortable now.
When I left the studio that day, the owner was repeatedly messaging me trying to convince me to spend $350+ instead of the $200 membership I had already said I was comfortable with. I kept explaining that I couldn’t afford that and that I was also practicing at home. The person helping with choreography had repeatedly told me we could modify anything I wasn’t ready for, so I didn’t understand why I was being pressured to spend more.
I feel guilty because I really did love this studio and community,
Im moving soon, so I’ll have other studios to go to. I’m just shocked by the whole situation",nta
"AITAH for saying what I did to my niece?
My niece (28) and I (37) are really close. We’ve traveled before, dinner dates etc.

She invited me to Chicago for her mom’s side family reunion. I said yes since my birthday trip there fell through. I paid her $200 for the car, $275 for the hotel and $40 for the reunion shirt and food. 

We had already decided we’d do a few things we would have on my birthday trip including going to Chinatown and making hats at a store downtown. We left Thursday morning made it there in the evening and spent time with our aunt. Friday morning comes we are getting ready and talking about our day, we have our plan set and ready to go. She stops at her cousins hotel, comes back and tells me her cousin isn’t into going to Chinatown. Then tells me we can go tomorrow( the day of the reunion) Uh what? Since when was she apart of our plan? Also she knows Saturday will be hectic with reunion prep. I’m pissed now. We go make hats and I stay downtown to explore. Get back to the room her little sister is there with luggage. Then she gave a key to her cousins so they are in and out all night. Next day I say screw the reunion and I go to Chinatown. it’s not like I’m obligated to go. It’s not my side of the family and as far as the $40 whatever. I had a great time. 

Next day we leave, I get to the rental her cousin and her daughter are in the back I had no idea we’d be bringing people back with us. There was so much stuff I had to ride with my bags in between my feet. At this point, I’m very upset and about to have a panic attack. I asked her when are we heading home because I need to get my dog from my ex and she blows up on me. She tells me it’s her family’s reunion weekend and how dare I get a attitude excuse me your whole selling point was we leave Thursday so Friday We can have time to do things that we didn’t in our original plan. I’m a very non-confrontational person. I’m trying to talk to her at a regular reasonable volume because we’re inside of a car and she’s just yelling at the top of her lungs calling me a bitch and every other name. Luckily her mom was tailing us, she told me to ride back with her so I did. What really set her off was I told her that I felt bamboozled into coming on this trip so I could help her pay for her room and car which I didn’t know that we were gonna have extra guest. This happened in August and we haven’t spoken since. I’m not into bad mouthing people, numerous family members asked me how the trip was and I just told them it was fine. I had no interest in talking shit about my niece even though she really embarrassed me. and made me feel terrible. Should I just leave it and see if she apologizes? ",nta
"AITAH for not being enthusiastic enough about my dad giving me a place in his wedding?
I (16M) live with my mom. My dad (36M) doesn’t come and see me that much, only every month or even less than that and he never brings me with him on any holidays with his family. He told me I can have this role where I basically stand there near him in a nice outfit with two of his friends. I don’t know but it’s different to just sitting down on one of the seats with the rest of the guests. When he told me this I said to him alright I will think about it. I wasn’t really excited about it because I don’t even really care about going. It’s like he’s just forgotten me for each time he goes to fcking korea or singapore and he spends all his time with his new family and now he’s onto me for no reason.

Anyway he got mad at me for saying that I will think about it and I don’t know if I want to do it and he was like you should be happy about this because it’s one of those opportunities that only happen once or twice, and he would like me to be enthusiastic about it too. I prolly sound miserable but surely you guys can see my side. He almost never spends time with me and now he’s trying to get me to stand at his wedding because it will look good. I said it’s cool but it’s just standing up and I will have nothing to say, I’m not really into weddings.  omg he was not getting the hint at all",nta
"AITA for telling my friend she needs to stop bragging about her salary?
My friend Jess got a new job last month. It pays really well. She tells everyone about it. Every time we hang out, she brings up her salary, her bonus, her stock options.

I'm happy for her. I really am. But it's constant. And honestly, it's making me feel bad about my own job.

Last week we were out with a group. She started talking about how much she makes. I said ""Jess, maybe not right now. Not everyone wants to hear about salaries at dinner.""

She got defensive. She said ""I'm just proud of myself. You should be happy for me.""

I said ""I am happy for you. But there's a time and place. It's making people uncomfortable.""

She said I was jealous and trying to dim her shine.

Now she's not talking to me. Some friends agree with me. Some say I should've just let her talk.

AITA?",nta
"AITAH for offering to host a New-Years party at my home instead of going to my MIL?
Hey some quick context, I (22F) have very recently been diagnosed with celiac disease. It has been extremely difficult having to change my whole life around it. I have lost my passion for cooking and trying new foods and traveling which were all parts of what made me who I am.

I live abroad with my husband away from my family, my mother is coming down to see me this year for the holidays; unbeknownst to me her and my MIL had made plans that we would go over to MILs house and celebrate like my husband and I had the year before, I told my mother that those plans would have to fall through seeing as my MIL does not take my condition seriously in the slightest and is a someome who believes the doctors are lying to me (??). I told my mom i was planning to host it at my home this year seeing as my kitchen is now completely GF, from food to pots to pans to oven, nothing in my kitchen has touched gluten in over 4 months (will be longer by the time it's new years) my mom told me I should just suck it up for a night and it would be rude to not go seeing as she has now invited us. I told her it's not something I can just ""suck up"" so in response she told me I didn't have to eat anything. I told her we would speak about it later and hung up the phone, I was complaining to my husband about it and he told me ""you'll be fine just 1 night"" which really infuriated me because why can't I also enjoy myself? And share a meal with the people I love? I told him I'm willing to compromise and do all the cooking and hosting myself just so no one has to go through the trouble of making me a separate plate or being mindful of my dietary restrictions and he told me it was kinda unfair to expect everyone to eat GF. I told him GF food tastes mostly the same and it's actually everyone else who would be fine for 1 night eating GF, whereas I would get violently sick. Idk to me eating something you slightly don't like seems like less of a sacrifice than getting sick. I'm pretty set in stone on my decision to host but everyone seems to be against it (I'm not even a bad cook I promise lol) so now idk what to do and i kinda feel like I'm being selfish.",nta
"AITA for showing up to a plan we had already made?
I don't really talk with a lot of people because i find it too tiring .In college the two people I am closest with are two cousin sisters who live in the same house. One day while talking after our classes were over, we made a plan to just meet up in the market and go around eating. My friend A told me she had some work in the bank as well and told me that A and B would come first then go to the bank and quickly come to me. I said okay and told them to text me after they left the bank. We fixed a time that at 12 they would go to the bank and i would come there at around 1:30.

After that i went home and got everything sorted. I got ready and they hadn't texted me anything. I texted them both and asked if they were there and waited for a bit there was no reply and as internet isn't available everywhere here i went to the market at the time they had told me . There i sat there and waited it became 2pm then 2:30 i thought i had maybe misheard the time so i waited a bit more nobody came I sat there alone for 2hrs, even went to the bank to check up on them nobody. I felt kinda bad .After coming home they hadn't texted me anything about not coming or what happened nothing so i got mad.

The next day at school i confronted B saying I had waited you didn't come to the plan. Then she started telling me that A became sick and even she didn't know and she thought A had told me. I told her nobody told me anything . Then she started it was my fault for coming when none of them called me before .I told her the time was fixed you both told me nothing about cancelling it and i was quite angry then she starts telling me why I am yelling at her and got angry at me instead she went to another class after that and didn't sit with me . At the library i confronted her saying what wrong thing did i even say to her and she goes on saying that I am yelling at her for nothing and goes on saying that it was my fault for showing up not theirs.

A didn't come to school because she was really sick . The next day I confronted her as well she really had fallen sick and then i told her everything and then she told me she had texted B she was sick then took the medicine and slept and that she thought B had told me already . She apologized and i told her what happened with B. She was just shocked and just kept on apologizing and B wouldn't talk to me because i apparently yelled at her.

After that i don't really like making plans anymore I just started to go alone instead.

so was it really my fault for showing up to a plan on the time we had decided?",nta
"AITA For Keeping my Roommate from Going Homeless and Expecting They Would Automatically Understand They Owed Me Back Rent?
Back in April, a friend told me she would need a place once her lease ended in May. She had been laid off for months. Was working in service jobs while trying to find something in her field. I had a spare room, so I offered her a rate that was five hundred dollars less than what she was paying, no deposit, nothing at all. We signed a semi-formal roommate agreement: half the rent every two weeks on payday to keep it simple.

She moved in at the end of May. The first payment came in on June 5th, no problem. Then she lost her job.

On the 19th, I asked if she would be able to pay. I told her it was fine if not I just needed to know. She seemed surprised said it was ""still June."" Apparently she hadn't noticed (despite talking about it texting about it and signing an agreement that says this) that payment was due every two weeks, not monthly. Fine. She knew now. When she said she couldn't pay I told her not to worry we would figure it out. I told her I would happily waive the late fee clause of the agreement outright.

To her credit, she was job hunting. Applications, interviews, but nothing was happening. I kept telling her I wasn't about to kick her out. I quietly kept a running tally of what she owed for whenever she got back on her feet.

In mid-August I used a service industry contact to get her a good opportunity, a fast track to management. She was visibly disappointed because it was another service job. She interviewed anyway and got it start date September 1st. She had a birthday trip home planned first and was to start after that.

She didn't come back on schedule. A week past her return date, still nothing. I sent a wellness check text. She eventually said she was fine. She had already missed the job's start date by then, but that was between her and the employer and not my business.

A couple of weeks ago I made a repayment plan. Back rent was over $5000 at that point. I told her not to stress we'd just add an extra $150 to each payment until it was paid off. Two days of silence, then she replied she had no idea I was tracking back rent at all.

I genuinely didn't know how to respond to that. AITA for thinking it was just obvious you don't get to live in my home for free forever?

It gets better. I thought about it for days because I couldn't process it. Eventually I wrote an addendum: repayment starts once she's employed again, and I would retroactively lower her rent to a quarter of the semiweekly rate starting the day she went home.

Her response: ""I'll be back weekend to get my stuff and move out.""

I'm never going to see that money am I?",nta
"WIBTA if I got my old friend group back together without my wife?
When I was a teenager, I had a small friend group in my village: me, my brother, and two girls. We were just friends. We used to hang out, go for walks, mess around, and just spend time together.
Like what happens with a lot of people, we eventually lost touch. Everyone got busy with their own lives, relationships, work, etc. You know, adult life.
We haven’t really talked in about four years. Recently, my brother and I went back to the village and started reminiscing about those times. We thought it would be nice to get the old group together again, hang out, and remember the good old days.
I’m married. My wife is fairly jealous, although she says she’s not particularly jealous in general. I don’t know
So here’s my question: WIBTA if I arranged a get-together with my old friend group and we all hung out together like we used to?
I haven’t told my wife about the idea yet, but I do plan to tell her. I honestly have no idea how she’ll react.
On one hand, they’re just old friends and I simply want to catch up and reminisce about our teenage years. On the other hand, I can understand why having two women there might make my wife uncomfortable.
Would I be doing something wrong by arranging this, or is this just a normal thing to do when you’re married?",nta
"AITA for lying to my hairdresser and getting my hair done without her?
Some context: I (F31) have been going to the same hairdresser (F35) since 2018. She was the first one to ever bleach and dye my hair back from when it was a pixie cut and the last time we did a retouch was back in July. I dyed mt hair every year or so at first, but have been going regularly for root retouches since 2023 every 8 weeks or so and my hair now is below my waist. She is an excellent hairdresser and my hair has never been damaged in her hands, she offers amazing service.

As my hair got longer, the price of the retouch increased, which I think it's fair. I have a lot of hair and usually we need 4h ~ 5h every time for the bleaching, dyeing, treatment and styling.

On july she told me that for September, our price would increase again and I said ok, no problem. Unfortunately, august has been a month of a lot of emergencies in various fronts ( house repairs, car, pet health emergencies) and we got overwhelmed and now we'll be in a bit of a pickle financially.

Luxuries like going to the hairdresser amongst other things will have to be paused, as it's one of my larger personal expenses. I sent her a message at the beginning of this month letting her know that we wouldn't be able to do my hair for a while now due to these issues, but that I would let her know when I could return and if she wished to still do my hair I would be more than happy to continue. She said she was sorry and that she understood and she appreciated me letting her know.

I was quite sad that I would have to give up my hair that I've had for many years and some friends told me I could try and do it at home. Root bleaching is easier than the whole hair and they offered to help as well. I did some research for the products and a lot of research on how to do it and it really is so much cheaper and it seemed like something doable. So when the 8 week window was up, I did it at home and it came out pretty good for a first time job! I was super happy with the results. Later on I posted some Instagram stories unrelated to my hair (I'm not really online a lot on social media) and things got bad really fast.

My hairdresser and I follow each other and she saw that my hair was ""retouched"" and got pretty upset. She replied to my stories saying that I didn't need to lie to her if I wanted to just change hairdressers. I was taken aback, but explained to her I had done it at home because it was how I could afford it and she got even madder, because hair is a luxury and sometimes we can't afford it and it's wrong to cheapen out.

I apologized and explained I didn't want my hair to look weird for an indefinite amount of time. She told me I was an asshole and blocked me. I 100% intended to come back to her once I could afford it because professional work is better, but now I don't think she would want my business. Was I really the asshole for deciding to do my hair at home and take away from her? I didn't mean to ""lie"", but now I'm feeling super shitty about it.",nta
"AITA my cousin yelled and demanded an apology from me when I told her she doesn’t need to send me a “birthday gift” 1.5 months after my birthday
I am a 27F and have a cousin that is two years younger than me. Although we don’t always get along the best, I try to keep a close connection with her because she’s my only female cousin on that side of the family. My birthday was last month, and I traveled for the first portion of the month. My cousin has been describing her birthday gift to me since earlier in the summer, and decided to wait until I return from my travels to send the gift. I was more than okay with that.

The issue only began when I returned, and we picked up semi-regular phone calls again. For three weeks straight she told me “I’m going to mail your gift this weekend”. Yesterday she began the same spiel and I told her “you don’t need to send it to me, it’s okay.” She also mentioned that she’d went to the post office to ship a similar gift to a friend of hers, but she didn’t send mine for some reason. My response was very offensive to her, and she began to go on and on about how I was being ungrateful and basically saying “f her” by telling her I no longer want her gift simply because she didn’t send it “when I wanted her to and I don’t realize she’s been working two jobs so she’s busy.” I told her I’m just not the kind of person who wants to be anticipating something that doesn’t happen (perhaps I have something to work through when it comes to disappointment but idk) and plus she has enough on her plate so she doesn’t need to worry about stopping at the post office for me.

This didn’t satisfy her either and she went on to continue yelling through the phone saying I am too prideful, and need to ask ChatGPT where I went wrong in the discussion. She even went on to say I never get her anything for her birthday although I hosted her in my city for her birthday and took her out to do everything she wanted to do and spent a decent amount of money in that effort. When I brought that up she shouted “well that was the first time and I’m trying to return the favor and you’re being ungrateful!!! I’ll just give it to someone else then!” I responded “yes give it to a friend or something, you don’t need to send me anything.” This only infuriated her more, but I feel that it’s okay for me to not be totally interested in a gift when it is over a month past my birthday and has been continuously promised to me but not delivered.

She demanded I apologize for how I made her feel by yelling “you owe me an apology” to which I responded “I don’t owe you anything” and she said “get off my phone then” to which I responded by hanging up the phone.

AITA?",nta
"AITA for not helping my elderly, disabled neighbor?
I 27F live in an apartment with my boyfriend 28M. I have a neighbor who lives across the hall from me who is older (maybe 60s) and disabled. I’m not sure what his disability is, but he uses a walker and has a sling on one arm. He needs his other arm to support his weight on the walker, so he can’t really pick up anything heavy.

A few weeks ago he was leaving his door open and would try to catch me any time I entered or left my apartment. He asked me to purchase cat food, cigarettes, and Pedialyte and gave me money to do so. I dropped off the things he needed and he was very grateful.

I didn’t see him for about two weeks. The other day his door was open and he caught me while I was leaving. He told me he had been taken to rehab and both of his cats starved to death in his apartment while he was gone because he didn’t have anyone to take care of them.

I have a cat of my own and this absolutely mortified me. I have thought about these poor cats that were right across the hall from me nonstop for the past 3 days. I have cried over cats that I only met once. My boyfriend keeps reiterating that I am not at fault and couldn’t possibly have known what was happening behind a closed door. I know this, but it’s been sitting on me so heavily.

He has since asked me if I’m able to dedicate some time to help him. He said he needs help taking out his garbage, doing his laundry, general housekeeping, shopping, and cleaning the litter boxes, which are still filthy. I told him I work full time and am also a full-time student and wouldn’t be able to make that kind of commitment. He said it would only be an hour or two a day.

He has a shopping cart, so I told him to put his trash in it and wheel it into the hallway and I’d take it out when I see it. But he also told me he doesn’t have clean clothes and asked me to put his laundry in the washer and dryer. He said he would give me money for the machines, but I do not feel comfortable doing this man’s laundry.

I don’t know this man or anything about him. I don’t even know his name. I’m worried that because I made myself available for a few things, the list will keep piling on and I’ll end up as his primary caretaker. I also don’t know why he doesn’t have a nurse or someone coming to assist him, especially after just getting out of rehab.

I talked to my friend, who’s a nurse, and she said an aide should have been assigned to him for home health care unless he turned one down. She also said I was selfish for not being willing to help someone in need.

I feel bad because he’s lonely, he lost his cats, and he needs help. But I don’t know this man, and I feel like an hour or two a day is a lot to ask of someone you only know because you live across the hall from each other.

AITA for not being willing to help more?

Edit: he has never stopped my boyfriend or asked him for help when he sees him come and go. He mostly lays on his couch in front of the door and is completely nude except for a sheet that he uses to cover himself because he doesn’t have clean clothes.",nta
"AITA for cancelling a bachelorette party I didn’t want
I’m getting married next year, and naturally the conversations around having a bachelorette party have come up. I made it really clear that I don’t want to have one as it’s just not something I‘m interested in. It’s combination of wedding stress, busy life and just never mattered to me.

My friend, however, decided that not having one was something which I might regret so went ahead and began planning one without my knowledge. Everyone they reached out to including family members and my fiancé supported the idea and they got a lot of positive feedback for the idea. Flash forward to last week, when someone slipped up and I found out it was happening. I completely flipped out as I felt like my wishes were being ignored and got upset as nobody (mainly my fiancé) didn’t stand up for me as they didn’t see it as a big deal. I probably didn’t handle the news well and I’ve gone ahead and asked my other friend to cancel it ‘due to not finding a time everyone’s free’. I know my friends put a lot of effort into organizing it, but nothing was booked yet or money lost.

AITA for insisting my bachelorette party be canceled, when everyone was just trying to do a nice thing?

Edit: I gave the excuse about availability to the wider group as didn’t want to make it look bad for the friend organizing it (she was told clearly I didn’t want to have one and was cancelling) but can see that’s not the right approach",nta
"AITA For ""Bragging"" About Being Spoiled?
This is so stupid, but maybe I'm seeing this wrong. I, 21 F, literally just moved into a new apt. Like...not even been here a few months just moved. I've been struggling to find a job (it's income based so rent isn't a problem), and it's taking a toll on me.

Recently I was venting to some friends about how my floors were dirty (the apt hadn't been cleaned since before I moved) and I couldn't afford a mop. I refuse to take my shoes off because its bad and I just want to mop my floors and I can't. It genuinely had me more upset than it should have.

About 45 minutes later I get a knock on my door. My friends doordashed me a mop and some pinesol. Ngl, I cried.

I was telling another friend about it on the phone (she lives at home and all of her paycheck goes towards her weekend shopping trips, save for gas and food which she budgets at the start of the week), and her mom overheard the conversation and got irritated. Apparently I'm bragging about how everything gets handed to me and her baby has to work for everything she gets and everytime I call it's just to brag. (Context, the night after I moved in I was exhausted and hadn't eaten all day and those same friends cashapped me to go get takeout. A few weeks later the same friends got me a necklace (it was my birthday, I think I was allowed a gift lol).

But apparently now telling my friends (I was just kind of gushing about how appreciative I was of my friends for helping me) about me having no income and people helping me is so horrible because she has a job with money. My friend does not agree with her mom, but it has put a strain on our friendship bc now she has to hear about how awful I am anytime I call or I get brought up.

I would kill to have a job like she does and be able to spend all my money shopping than have to have the help I'm getting. But the job market is thinner than my ex's hairline.

Aita for ""bragging""",nta
"AITA for not offering compensation to the person who bought my boat after engine died?
I sold my boat this past weekend at a heavily discounted price due to work that it needed done to it. I had the boat hauled for inspection and answered every question honestly. I was confident that he would make it home and told the buyer this who agreed to have his friend drive the boat. I also told them that it's an older boat and to have Sea Tow available just incase. Half way home they experienced an alarm which is the boat informing them that something is wrong. They called me. I tried to help them troubleshoot but encouraged them to hurry home. They were 8-10 miles to their dock. Maybe 20-30 minutes. Instead they didn't hurry home, shut down the engine causing the alarm or call Sea Tow, they proceeded slowly and ultimately arrived in there harbor 1.5 hrs later where the boat overheated and ruined the engine w the alarm. He wants me the take the boat back. AITA for not agreeing to take the boat back or pay for any repairs. Boat was sold as is.",nta
"AITA for changing the Wi-Fi password after my landlord kept coming into my apartment?


My landlord lives in the same building and has a spare key to my apartment. I understand that landlords sometimes need access for repairs or inspections, but lately he’s been coming in way more often than I think is normal. That’s cool me okay.

The first few times, he gave me notice, so I didn’t say anything. Also FYI I am a girl and he is gay so I didn’t really bother. But recently, he started coming in to “check something” without telling me beforehand. Nothing was missing and he wasn’t doing anything creepy, but I’d come home and notice things had been moved around.

I finally told him that I wasn’t okay with him entering without letting me know first.

He said I was being dramatic and that it was his property, so he should be able to check on it whenever he wants. Sure I hate conflict so I let it go.

A few days later, he asked me for the Wi-Fi password because apparently he needed to “check the router.” I gave it to him.

Then I noticed my internet was being used at weird hours when I wasn’t home. I changed the password and didn’t give it to him again.

He confronted me about it and said I’m making his job unnecessarily difficult. I told him he can contact me if he needs access to the apartment and I’ll arrange a time, but I’m not giving him unrestricted access to my Wi-Fi or letting him come into my home whenever he feels like it LIKE FR I AM PAYING RENT!!!

He said nobody visits anyways and that I am being entitled and will be cancelling my lease once it ends.

Now I’m wondering if I went too far or I am actually the asshole.",nta
"AITA for telling my dad i am moving out because my step mom can not wait 5 seconds?
My step Mom has a bad habit of asking me to do stuff when i'm busy doing stuff. I will be eating, doing work on my laptop or even cooking when she asks me to do something. I normally tell her to give me 5 seconds just to finish up. She will get mad and angrily start doing it herself, mumbling and swearing. I am 18 and only live with my Dad dew to him wanting me around. My job isn't far from here and i'm also studying at the moment. I do have chores that I do around the house to help out. I would like to say that i aslo work shifts and get to choose how many hours i would like to work each week. It is important to know that because my step mom wants me to constantly be at the house. She wants me to take less hours so i'll have more time at home to ""help"" out. When i first moved in i had normal chores around the house. Cooking, sweeping, washing the floors but now she has added more chores onto my list. She has 2 bunnies that's room she'll make me clean two times a week. She also makes me clean HER bedroom and closet once a week. Yesterday she asked me to pack the dishes out while eating after working 7 hours. When i sed give me 5 seconds she snapped and told me to do my part as a child. Afterwards i told my dad and se di might need to move out. Am i wrong?",nta
"AITA for for changing departments only two months after being promoted?
I work in auditing in the public sector and have been in the same department for a few years. This is my first permanent full-time job since university, and the work is quite independent, so most of my day-to-day interaction is with my manager.

I’ve worked hard and received very positive feedback from all three managers I’ve had. About six months after I first started, my manager at the time encouraged me to apply for a vacant senior position. I didn’t apply because I was still new and didn’t feel ready. I assumed another opportunity would come up once I had more experience, but it took several years.

A senior position finally became available recently. My current manager, a previous manager and several colleagues encouraged me to apply, and I was successful. I’ve only been in the position for about two months.

Now a role has opened in another department within the same organisation. It’s an area I’ve been interested in for a while, and the position is at the same level and salary as my current role. I’ve heard that the department has recently become busier and is looking for more staff, so this may be a rare opportunity to move into that area.

I haven’t applied yet because I feel guilty. My manager and colleagues supported me, recognised my work and encouraged me to apply for the promotion. I genuinely appreciate that. Applying elsewhere so soon makes me feel as though I would be letting them down or taking their support for granted.

However, I’m also questioning whether my current work is sustainable for me. I like the work and have learned a lot, but it’s extremely complex and demanding. The deadlines often feel almost impossible, and getting to this point required me to spend many evenings and weekends working.

I’m proud of what I’ve achieved, but I don’t want that level of sacrifice to become normal. Promotion opportunities in my department are also quite rare. My impression is that progressing further would require me to keep demonstrating an exceptional level of commitment and results, and I’m not sure I can maintain that pace.

I was also recently diagnosed with an autoimmune condition. It isn’t severe, but I need to manage it properly and make some lifestyle changes. I’d also like to keep open the possibility of having children in the near future. I’m not looking for an easy job with no responsibility, but I do want enough time and energy outside work to look after my health and enjoy my life.

A close friend thinks I should stay longer because I’ve built a strong reputation in my current department. They believe I may have a better chance of eventually progressing into an even more senior role there, whereas moving would mean starting again and rebuilding my reputation.

WIBTA if I applied for the other position only two months after my manager and colleagues supported me in getting promoted? Do I owe it to them to stay for a reasonable period, or is it fair to prioritise my health and long-term work-life balance?",nta
"AITA for refusing to move my car
hi guys. so i live in australia in a restricted parking area (near a health precinct where all roads around the area have a 2hr parking limit). i have 3 people who live in the same house as me (mother and brothers) so we need to sometimes park on the street. we all have residential permits for this as we live in the area. earlier this week, my car was parked on the road in front of my house but next to my neighbours driveway. i was NOT on the yellow line (indicates you can’t park no matter what) and was not blocking his driveway or vision off the road on either side. he came to my house later that day and knocked on my door already angry before i even opened it. as soon as i opened it, he started screaming at me to move my car and how it was blocking his driveway and he can’t see the road. i explained i was not blocking anything and he can’t see the road clearly on both sides. i referenced how i have cars parked next to my driveway (my other neighbours) and have no issue seeing the road. he said it’s dangerous and how my car is gonna get him killed? he said he would call the police to get my car towed and fined. i explained that my car was parked legally and was not obstructing vision or entrance/exit to his property. he continued to go on and on and on yelling at me about it until i got fed up. so i just laughed at him cause it’s ridiculous and shut the door. i did not move my car. a few hours later he came back (slightly calmer but still angry) to do the same all over again. as soon as i opened the door and saw him, and he started with the yelling, i shut the door again. if he was polite about it the first time i would’ve moved my car no problem. i’m not a dick but if ur gonna yell like that for no reason im not gonna do what u say at all. i’m a nurse too who works in the hospital responsible for the parking restriction and take the bus to work, however my car moves a lot as i go to the gym, shops, and just other social stuff. so its barely even there yet he still came over furious about it.

AITAH for refusing to move my car?? it’s still there as i type this lol",nta
"AITA for anonymously reporting my coach to the board?
I(F22) play a sport at a high level & also coach young girls in my club.

The person I reported (M50) is both the head coach of the youth team I help with AND an assistant coach on my own team. Despite being an assistant, he has a lot of power over me as a player

For the youth team, he is in charge of planning & running practices. My role is to help execute them, manage the girls & basically be a “mom”.

I'll be honest I don't like him. I feel he talks down to me & others, but that is NOT why I reported him.

My issue is the quality of his practices. They're far below what the girls are capable of & they spend a lot of time sitting around instead of being active.

There's also a language barrier. He doesn't speak the girls' language. Neither do I fluently, but I've lived here for 1.5 years and understand it & speak enough for the girls to understand me.

I was approached with concerns by parents & encouraged to contact the youth board.

I didn't confront him first because I've challenged him before. Where he refused to speak to me for the rest of practice. He has also spontaneously told me to run practices without warning. When I've said I haven't prepared anything because planning is his responsibility, his response was: “I'm the boss, so I decide. Therefore, you've prepared something.”

Considering he also has authority over me as a player, I wasn't comfortable formally confronting him.

I contacted the board anonymously. They know it's me, but I've asked them not to reveal my identity when they address the issue.

Importantly, I didn't list everything I thought he did wrong. I know I personally dislike him and didn't want to bias them. I even had my mom help make my message neutral.

This is the entire message I sent (translated):

Hi Sue.

I've been encouraged by parents of the girls to contact the board regarding the youth teams.

I could easily tell you one thing or another, but I think the best solution would be for one or two board members to observe some of the girls' practices.

That way, you can form your own impression.

Afterwards, I'd like a meeting where we can discuss whether we have the same view of the practices.

Kind regards

The board came without telling him why. Afterwards, they told me they also thought the situation with his coaching was bad.

Ironically, during that practice he put me in charge of the youngest girls. I hadn't been told to plan anything, as that's normally his duty, so I had to improvise.

This meant I was unknowingly being evaluated on the same basis as him while running a practice I'd had zero opportunity to prepare. which I'm okay with, because I wanted the board to see a completely normal practice, not a prepared “show practice.”

I did go behind his back. He wasn't told about the complaint or observation, & I didn't give him a chance to improve before involving the board.

AITA for anonymously reporting him & asking the board to observe his coaching rather than confronting him directly?",nta
"AITA for telling my roommate I’m done covering for him with the landlord?
I (26M) live with my roommate (27M). We’ve been fine for like a year and a half, split rent evenly, no drama. But for the last four months he’s been late on his half of rent almost every single time, and I’ve been the one calling the landlord with some excuse “it’s coming, he just switched jobs,” “there was a bank thing,” etc etc … whatever he tells me to say.
I didn’t love doing this but he’s my friend and I figured it was temporary. Except it’s not been temporary. Last month he paid two weeks late.This month we’re already eight days past due and he told me this morning he might need until the 15th.
I told him I wasn’t going to lie to the landlord again. He got upset, said I was throwing him under the bus and that “we’re a team,” and that if I just told the landlord one more excuse we’d be fine. I said no, and that if he can’t make rent he needs to be the one having that conversation, not me.
He didn’t talk to me for the rest of the day, then tonight he left a note on refrigerator saying I “chose to humiliate him” and that a real friend wouldn’t have sold him out. I texted the landlord myself and just told him the truth that I’ve paid my half and my roommate is behind.
Now he is saying I could’ve at least warned him before I did that, and that our friendship is basically over. Her family thinks I overreacted too, since apparently he was “already stressed enough.”",nta
"AITA for getting angry my husband ate my chocolate?
I (47) just got back from a trip to my mother’s homeland. I went as part of a group with my mother and came home with gifts for my husband, children and my dad. I gave the gifts to everyone when I got home except my dad as he lives 3 hours from me. I had bought him dark chocolate and left it in the fridge for a few weeks. My husband (48) asked if he could eat it and I said no. He proceeded to eat it immediately and when I confronted him he said sorry and that he would replace it with the same brand locally and that my dad won’t know. I said I would know and that it’s not ok, I wanted to give him the one from the homeland. He crossed a boundary. Although he’s apologised, he’s not remorseful and he thinks it’s no big deal and I’m being difficult. I’m blinded by rage right now so am I being the asshole?",nta
"AITA for not having my brother say goodbye to our mum
Context; my mum (45f) was recently diagnosed with pre cancer in her uterus, this month she's getting surgery for removal of cells. She's also on ozempic and HRT so I don't know if that's related. My brother is (6m).

My stepfather is on a business trip so can't drive my siblings to school. My sister (10f) is on a week long school trip. So it's come to me (20f) to take responsibility of the house, since I'm unemployed, having just finished my studies. (Hopefully hearing about a job offer this week!)
This isn't new — even during my studies I held a lot of responsibility at home: chores, cooking, cleaning, childcare. My mother calls me her household manager. With my step father gone, my mother can't drive and has to work first thing (when he's here, she only leaves around 10am, but now leaves early).

I arranged a paid driver to take my brother to school at 8am. I wake at 7:30 to prep his snack box and get ready, while my mother dresses him.
Today I looked around the apartment and couldn't find or hear her, so assumed she'd gone downstairs to her office (the complex has office spaces). I didn't call out for her — if she's in her bathroom she leaves the door open, closing it only after she's done. So I assumed she'd left and said her goodbyes already. It was 7:57, my brother needed his shoes on, but he's little and slow, so I rushed him and we left.

The second we reached the driver, my mother phoned screaming, demanding why I didn't call for her first. I explained, but she said that didn't matter.
We drove to school, I came home and showered. While showering, my mother barged into the bathroom (I have no privacy at home) screaming that I hadn't let my brother say goodbye to her — she could've been in a car accident and never said her last words to him. I don't get why, since she doesn't drive and works from home. She called me the most selfish person at home, said I only care about my boyfriend and friends while treating everyone else like trash. Then slammed the door and left.

Her words are starting to lose value to me, but there's still this inkling where I feel responsible and remorseful, like I genuinely am the monster she claims I am. It's really hard.
I can't just leave. I tried once with my boyfriend's help, but my mother held me back and took my devices to cut off contact. She says legal issues stop me — and there's some truth to it: my residence permit is tied to hers, so I can't leave independently until I get my C-permit in January. I need a job and a German exam to get there. Moving out just isn't simple.

Feedback appreciated, and sorry this is long.

*Edit; I wish to add because I feel like this is important to add. I earn an allowance for the work I do around the house. I earn 20chf per day. So that’s 400chf per month. She also pays for my health insurance, phone bill and travel card which is around 200chf. She has invested a lot in me financially. However, the boundary of what was expected of me to do was never explained but more assumed and added on.

So this adds a bit more reason why I am doing all of this.",nta
"AITA for not letting my sister's boyfriend stay in my house?
So for context, I was staying with my father, my sister had moved out.

Shortly after my father passed away my sister broke up with her ex and moved into the house with me.

Not long after that she got a new boyfriend, he moved in without asking me or my mother who owned the house at the time.

Things were discussed what would happen with the house and eventually it was decided that I would buy the whole house. I wasn't fond of any of the other ideas presented. My mother said I could charge my sister and her boyfriend rent.

I decided, she can stay but I don't want him staying in the house, regardless of rent.

AITA?",nta
"AITAH for not giving up my bed?
My husband and I (late twenties) are hosting his mother (55), aunt (53), and grandfather (78) in our two bedroom townhouse next weekend. They are on their way home from a long trip and asked to stay at our place before continuing their travels in the morning. For context, they will be staying Sunday night through Monday morning. My husband and I both have to work Monday, getting up around 6:45 to do so.

This exact situation has happened before in our old apartment, and sleeping arrangements were:
Grandpa in spare bedroom
Mom and aunt in our bed
Husband and I on an air mattress on our living room floor.

Husband had offered up our bed that time before I even had a say (yes, we talked about how I should be involved in decisions lol)

They had spread Grandma’s ashes that day, and his mom and aunt told us about how the wind blew Grandma right back all over them. They then proceeded to get in our freshly washed bed without showering, which grossed me out so much I had to wash the sheets AGAIN.

Now back to this weekend, my MIL suggested they stay over at our house again. My husband knows how I feel about giving up my bed, but he also wants his family to be comfortable.

Considering it’s OUR house and we have to get up for work in the morning (needing our bathroom and closet to get ready), AITAH for not giving up my bed? Am I being selfish or making a reasonable request?

EDIT: Grandpa will definitely be getting the spare bed, since he is much older. It’s more of where my husband’s mom and aunt will be sleeping. We do have a decent air mattress that stays inflated all night no problem. Aunt is in great health, his mom has some aches here and there but nothing insane.

In terms of respecting elders, I was definitely raised in a house where we gave up our rooms for older guests. I just assumed since we are adults now (that are married), we would have some justification for staying in our own bed.

As for the last time, I was expecting them to shower after their day full of adventures, so I honestly wasn’t worried about changing the sheets after if they were freshly cleaned only a night before. If anything, I would have washed the pillowcases again with the next load of laundry.

Also, there is a tidbit I forgot to mention: when they took our bed last time, I did grab my personal pillow to sleep on, leaving mom and aunt with the other pillows, which are still pretty comfortable. My MIL made a comment complaining how I took the good pillow AND she complained about how she hates our sheets. I didn’t say it, but I was definitely thinking ‘well you don’t have to sleep in our bed!’",nta
"AITA? My fiancee and I have friends that are a couple that we went away with two years ago, where we had a blast. This year, 3 different times now they have initiated planning a small vacation (long weekend, etc), and at the last minute bailed in some way,
They bailed either by making other plans or just flat out saying super last minute “sorry it’s just not gonna work out”. One of them is supposedly one of my closest friends. They do have a less than one year old so I’ve tried to be understanding. But I work retail and that’s 3 different times I’ve taken off work just to be blown off. At least two of the times we had to keep asking what was going on to finally get the answer that they were cancelling. There may likely be a financial component as well, but there’s never been any communication about that and regardless in my opinion, it’s inconsiderate. AITA for wanting to put my foot down and no longer make plans with them?",nta
"AITA for ratting and rebelling out My 3rd roommate who went from “responsible and morally superior” to an absolute nightmare in 3 weeks
I’m in a 3-person sharing dorm. The first week, my third roommate seemed responsible, morally upright, etc. Boy, was I wrong.

She borrows our stuff and rarely returns it unless we go looking. She comments on the things I own too; I’m not exactly rich, so I use cheaper skincare and cheap clothes, and she’s made comments about it despite me never judging her belongings.

She also started putting our stuff in her closet. Then she started taking my clothes. One time I asked her, “How would you style this?” about a new item, and she took it, wore it without asking me while I'm infront of her(i never wore it, i wanted it to be my birthday dress) while talking about how good she looked in it because she actually has the body for it

Week 2: She started skipping classes and sleeping in our room all day morning, while leaving the lights on at night when we were trying to rest. I eventually bought a sleep mask.

Her friends then apparently ditched her, and she suddenly became attached to me and my normal roommate. My roommate even brought her breakfast once, and she left the food container sitting around until it started going bad. (It's been weeks and it's completely rotten)

Week 3 = exams. She started talking loudly in the room at night while I was trying to sleep. I have 8 AM classes and can't afford noise-cancelling headphones.

She also repeatedly leaves the dorm UNLOCKED, despite me having my laptop and belongings inside. Things have also gone missing and later turned up in her closet, followed by “I don't have it.”

Last night around midnight, she was loudly talking to someone. I told her to keep it down. She continued. Then she went to sleep and left the room unlocked AGAIN. When I confronted her, she defended herself and then brought friends into the room around 1 AM. They claimed they were studying but were talking while I was trying to sleep.

I recorded the noise and went to the warden. She'll receive a warning, and apparently she'll be moved out if it happens again.

There’s also been property damage: she used my iron and burned my roommate's blanket and damaged another item. She has also started burning diyas inside our dorm, which I'm uncomfortable with because of the fire risk. Because come on? Would you really trust a person who has track record of burning stuff.

And here's where I might be the asshole.

After weeks of this, I snapped. I started (today) making her mornings hell too. I wanted her to understand what it's like to wake up at 7 AM for an 8 AM class after barely sleeping.

So this morning I slammed my closet, opened the windows, opened the shade and turned on basically every light.

Was it mature? No.

Was I pissed? Absolutely.

I know retaliating isn't helping, and I don't want this becoming a roommate war. But I also feel like I've been tolerating way too much.

AITA for retaliating in the morning after all of this, or have I reached the point where I need to stop engaging and let the warden handle it?",nta
"AITA For having a grudge against my dad’s gf?
I (16F), am struggling on how to feel about my dad’s gf (they’re both in their 60s).
My parents are going through a really rough divorce and she’s pretty much funding his legal fees as a loan temporarily as well as buying me my current dog, she goes from being really really nice to just complete for lack of a better word crazy saying really unkind things and just being unstable. My dad lives with her and she keeps going on about how they never get any quality time together., I hate when she says this because I barely ever get to spend time with him and she gets jealous when we text or call (I talk to him several times a day but we never really get to hang out unless he’s driving me places) . She’s had the flu and been really sick these past few weeks, there’s pretty much forces my dad to stay with her at her side this whole time and take her to the hospital several times throughout this. They also have a lot of arguments at at least one a week and they always get back together but during these she says really unkind things about my dad and sometimes we’ll even text me these things and vent to me. I’m not the type of person to be crazily upfront as she’s really sensitive and twists my words when I’ve tried that before. Anyway on Friday we went to see a pony because I lost my horse and it was really awesome and a really fun day apart from the fact that she decided to tag along and pretty much dampen the whole experience. I had to cut my riding I’m short and felt responsible for her whole feeling sicker because of the fact that she chose to go. We were also supposed to buy a pony quite literally today because my dad has a lot of legal bills he can’t afford to pay for it, I didn’t know anything was happening until this morning when I got a text from my dad saying that we can’t be there for the pony because she’s sick and she’s the priority and he has to stay with her even though I have a pony arriving quite literally now as I typed this. Later on I asked for screenshots to show the seller that she’s been paid for and that she can drop her off at our yard as the coach that I have will just put her in a field for me. Apparently, his girlfriend is too sick and the funding fell through and he is now left scrambling for the money for this pony.
I don’t know where I’m going with this. I’m just really frustrated and wondering if I’m the asshole for being frustrated at about the inconsistencies she really is a lovely woman. I just don’t like the fact that it feels like she’s taking my dad from me
And that she’s always on and off. Don’t know what to do in this situation. Would love a reality check if I’m in the wrong or any advice.
I’ve been a ball of tears this whole day and I also have exams tomorrow as well, and I’m just too disheartened to study.",nta
"AITA for telling my Mom to stop spam-calling me? And then hanging up during the followup call?
I have a pretty shaky relationship with my mother that we learned improves quite a bit by living apart. I have been participating in a weekly Pathfinder game on Saturdays from around 3:30PM to 7PM and during this time I have informed my Mom that if you need to contact me I'm probably not going to be able to talk if you call during these times on Saturdays, and if you absolutely have to you can just text me. I tell her this every week. The Pathfinder game is important to me and I don't hide that fact. I have some longtime friends in my Pathfinder group and they have supported me a ton over the years and really made me feel welcome there.

However, it never fails to occur that on Saturday during this timeframe my Mom will attempt to call me, often more than once. I know what you're probably thinking, 'Just silence your phone!'. Well, the issue with that is I am currently desperately looking for a job and so I don't silence my phone just in case I get a call about a job which I view as a priority and will happily mute or walk away from Pathfinder for a second to answer because that's a pretty important thing to be diligent about currently in my life and I know calls like this can sometimes happen at any time.

Normally I don't say anything the following week to my Mom other than me saying I apologize for not answering because I was in my Pathfinder game and she always says she had no idea what time or day it was taking place despite the fact that I tell her every week (usually during this very conversation with her I have weekly or once I'm leaving her house to go home if she wants me to visit.)

This last week it was a little different, however. My Mom would not stop calling me. After about the 5th call she switched her tactic and decided to have my Dad call on my Dad's cellphone instead. Due to this sudden aggressive spam calling from two different numbers I thought that maybe an emergency was occurring and so I answered the phone. My Dad picked up and just asked me, ""What's going on."" And I was honestly pretty annoyed, and my friends we're quite annoyed by constantly hearing my ringtone go off over the Discord call that was interrupting the game so I quickly muted to talk to my Dad and I simply said, ""Can you please tell Mom to stop calling, she's interrupting the game.""

My Dad said, ""Okay, later."" And hung up and I knew immediately this wasn't a great sign. The suddenness of it just told me that my Dad was now angry at me.

It wasn't even 10 minutes later that they called me again, and, expecting something I decided to just answer it immediately without thinking and I was getting chewed out immediately about how I need to fuck the Pathfinder game and I need to be more respectful and that they didn't give a fuck if I was upset and I didn't even give them any more time to say anything I just decided to hang up the phone because I knew this conversation was going to ruin my mood all day (and it did).

AITA?",nta
"AITA for giving my girlfriend the harsh weight loss motivation she asked for who is now upset that I gave it?
My girlfriend has been wanting to lose weight for a while. Shes not even overweight at all she just doesn’t eat healthy or take care of herself which I don’t mind but it’s something that’s important to her and I want her to be healthy. I couldn’t care less about how she looks and she looks completely normal.

She took up a routine for two weeks then gave up and told me to leave it whenever I brought it up again. I respected her wishes.

Today, she was complaining about her weight again and says she doesn’t know why she’s not losing any and I said “can I be honest?” which she replied to with “Yes please be harsh I need to you be mean and bully me into this.”

The following is what I sent her in a text message:

”Okay well then if you want me to be honest then here: you have taken no initiative to even lose weight you quite literally just gave up after three weeks calling every single day a cheat day. I tell you all the time to workout for at least thirty minutes 5 or more days a week but I am a little confused if when you DO workout you’re even doing anything because u can barely speed walk for one minute to my car in the mall parking lot- but somehow you can do an effective workout “easy” as you say? That shouldn’t be happening if you’re doing them long enough and correctly. There’s no such thing as cheat meals every day it’s all just excuses and justifications your brain makes to make you feel less bad about not doing what you said you were going to do because honestly you’re not even on a diet even though you claim to be. You order fast food almost every day despite me saying that I will be cooking dinner most days. You gave up on yourself but are complaining about it.

And I know you’re busy with work and so am I but I still find an hour to go to the gym every day despite working 10 hours daily. With the amount of time I see you spend scrolling on social media and complaining about food- you could be going to the gym.

I know this sounds harsh but I am giving you exactly what you asked from me. You know I love you more than anything and love you exactly how you are. I’m doing this so YOU can feel more confident and healthy.”

She is now very upset with me and says I was being too harsh despite her asking me to “borderline bully her” for motivation. I am so confused right now. Was I being an asshole in that message?",yta
"AITA for staying in my room on my birthday after my family ignored me, while they sat downstairs and ate my cake without singing or even having me there? It was my birthday yesterday. A couple of days ago, my mom said she was going to get pizza and cake. The issue is, my three sisters (18, 17, 15) completely blanked me and didn't even say happy birthday. So I told her I didn't want the pizza and cake. If she bought that, she was just using my day as an excuse to feed the whole house.

Instead, I asked for a single $13 DoorDash combo just for myself. My mom immediately blew up, yelled, and said no. I explicitly told her I didn't want the cake, a party, or my grandma there, whom I do not like and don't want around.

My mom completely ignored my boundaries. She forces this family dynamic like I am required to have them all around me on my birthday, or else I'm the bad guy. She bought the cake and ice cream and invited my grandma anyway.

Here is the most cringey, pathetic part: THEY STILL SAT DOWN AND ATE THE CAKE. They didn't even sing happy birthday. The birthday person wasn't even there, I was locked upstairs protecting my peace. They literally threw a birthday party for a ghost just to get free dessert. Grandma came for free sweets, and my sisters dug right in. When I asked a sister why she ate it, she said, ""I was told you didn't want it."" It's so lame, idk if I'm trippin. I texted mom a laugh emoji because it’s hilarious how stupid they look.

When I called out her logic last night, she ghosted the texts because she had nothing to say. This morning, she confronted me in person, yelling again and trying to rewrite history to make me look like the villain. Out of nowhere, she called me ""mean"" and accused me of being a bully to my sisters and grandma.

When I asked how I am being ""mean"" for not wanting people over on my own birthday, she doubled down. It’s my birthday, but she acts like I absolutely HAVE to have people over just so she can use my day to feed her broke mother (my grandma), my broke aunt, and my broke uncle free dessert.

Then she tried a new excuse, saying she didn't want to buy the $13 meal because she's broke and had to pay for dinner for the house on top of my meal. But the math makes zero sense. Grandma actually cooked dinner for the house! My mom didn't have to buy two separate meals at all. She literally only had to spend $13 on me, which is way cheaper than the pizza and cake she planned to buy. Instead, she spent money on cake and ice cream for everyone else, giving me zero care, zero effort, and zero respect. Instead of saying sorry and taking accountability, she keeps yelling, making me seem like the bad guy, and calling me mean.

I'm working with an Army recruiter to ship out this winter. I can't wait to leave this house of lames, stack my money, and pursue my music career without looking back. Am I wrong for standing my ground, or are they just toxic?

Am I trippin?",yta
"WIBTA for canceling plans with my friends to go to my family's barbecue Okay so me and my friends made a plan a over a month ago to watch the new resident evil movie when it comes out but my family(direct and cousins) made plans last weekend to hang out and have a barbecue the same day as the movie, and after telling them I already had plans they told me that I should just cancel with my friends since we can watch the movie anytime but we cant have a barbecue anytime, so I should cancel with my friends to go to the barbaque with them.",yta
" AITA for buying a car without telling anyone? I (20M) got my drivers license about a month ago. I drove around oftenly and this one time I went with my father. It went well, although when it came to parking he became very uncomfortable to be around. He would raise his voice and start yelling at me over any minor inconvenience. I will admit that I am not the best at parking. This other time we went to the gas station to check the car's tire pressure. After maneuvering the car towards the air pump I pulled the manual handbranke up to keep the car in place but I guess I didn't pull it up all the way and the car started moving forward very slowly. My father started screaming at me as I successfully stopped the car. I told him to drive home and I have been avoiding driving with him ever since.

Another situation I must mention. I was driving at apsurd speeds (180 km/h) during the rain and my father found out. He got reasonably upset and forbade me from driving that car. He told me that I can drive our other car which (I might be a bit spoiled but bear tiwth me) I hate because it used to belong to my now gone grandfather and it has toomuch dog hair and cigarette residue. I hate that car.

After all of these events I completely lost my will to drive. I felt as if whatever I did was wrong and I did not like the feeling of driving these cars. I decided to buy my own, which I did. I found a seller who was willing to go to a mechanich in order to prove that his car held up. The car has a very reliable motor (1.9 TDI 90ish HP) but it's from 2001. I love it so much, it reignited my passion. I bought it with my own money and in my country I am considered an adult.

The problem emerged when I called my father. I told him that I found a car that I want to buy so that he doesn't have to worry about fixing our car (the one I hate, it also has no AC among other issues). He didn't even want to listen to anything I had to say about it, a plain no. This is what I dislike about him so much; he provides me with everything but at the same time it's like he doesn't know me at all. I might sound spoiled here but if I hate this car that we have (which is being used by a family member and the plan was to get them another and I was supposed to keep the hated car) and we're planning to get a new one...where is the issue?

So that's the current situation. I have this car which my father cannot know about. I love driving it, working on it and everything involving it. I would talk to him about it but I feel as if he would get furious and I really don't want him to scream again. I am so tired of it. Why can't there be calmness in his apporach? Anyway, I don't know what to do and I don't know if I am just a spoiled brat.",yta
"AITA for telling my mom to stop bothering me over my room? My mom does the most over MY (15M) room and it's annoying. In my opinion, my room isn't even messy. Like I know where everything is at, and it's fine. My parents say my room is messy, but mostly my mom. She told me to my face it smells like a mix of sweat, dirty socks, and feels humid sometimes. I don’t smell or feel ANY of those things, so it gets annoying when she says this bc I'm in there wayyy more than you and don't smell anything. The thing is when I do clean it, there's SOMETHING she has an issue with. Also sometimes she cleans it without me asking, but tells me I can't grow up expecting a woman to clean for me.... Did I ask you to clean up tho?? That was YOUR choice, so you brought up gender for no reason lmao.

When my mom picked me up from school, she was told me that I need to clean up as soon as I get home because she was in my room earlier and it was awful. I already had a long day at school, and I just want to chill. I don't think adults understand that the same way they get annoyed with people bothering them with things after work is the same way we feel when they do it to us after school. I told her to just leave me alone over my room, and that she isn't the one who sleeps in it. She told me that I have until Friday night to clean it up, and if I don't, I'm grounded. 

Idk if I can say the word, but she's being such a b***h, and it's pissing me off. Some of you might think I'm lazy, but I genuinely feel like my room is fine. I don't smell anything and I don't feel like it's messy. She probably just wants to be upset about something and chose to be upset with her own son that she chose to have and raise. AITA",yta
"AITAH for taking things my mom gives me then throwing them away? I (M24) have a mom (F55) that has a bit of a hoarding problem. Ever since I was a child, she’d hold on to everything. On top of that, she’d go to Goodwill and thrift shops to buy more and add to her collection of items.
Her justification is that someday she’ll need it, or someone in need will need it, and she’d help them out.
Occasionally, I’d visit her and I’d claim how I need this or that, like a Tupperware set or a few pots and pans. Literally any random thing I can think of, she’d have an extra somewhere.
Then I’d proceed to go home with said items and toss them in the dumpster.
I do this because I feel like that’s the only way I can slowly chip away at her problem. She refuses to declutter otherwise. My dad (M56) doesn’t help her.
A part of me feels like a good guy. Another part feels bad for lying and trashing what she gave me.
AITAH?",yta
"AITA for saying the truth? So, there's this guy in the group.

He thinks everyone's his friend but he's just that guy that everyone like, just can't stand. He's not a bad person but he's obviously neuro-divergent. The other day, he saw a girl without arms(There's a girl who lacks arms in our school). He pointed and said ""Look, she's the girl without arms."" And this is only one example of his... incompetence.

He tries to insert himself in conversations and activities when no one asked him. People just barely tolerate him and then talk shit about him behind his back.

So one day I told him straight up: They don't want to be his friend.

He was upset, but it's better he faces the truth and find his own place rather than trying to fit in with people who can't stand him.

The thing is, the people who hate him are upset because of what I told him. They say I ""made them look bad"" and ""made them out to be assholes.""

I told them that rather than pretending to tolerate someone they can't stand and then talking shit about him behind his back, they should have just told him straight up: ""Hey, we don't wanna hang out with you.""

Now they're upset.

AITA?",yta
"AITA for sitting with my foot on a chair? Work AITA: Do I need to change how I sit in phone booths at work?

I sometimes sit in phone booths at work with the sole of my shoe on the seat of the chair. I have a hard time sitting straight up on the high stools in the phone booths, so I sometimes pull a knee to my chest and put the sole of my shoe on the seat of the chair where others sit. The gent who used a phone booth after me asked in the all company chat that folks stop sitting like that because it’s dirty. It obviously will make me less comfortable but I want to change my behavior if the internet agrees. Re: shoe dirtiness: I am in NYC so shoes are generally dirty but specifically there wasn’t something on the bottom of my shoes. I did put my own butt on the chair after my shoe so it’s obviously a dirtiness that I am personally comfortable with at work in the clothes I also wear on the subway/to the park/around the city. Time to change my ways?",yta
"AITAH for wanting time for my anniversary?
Next week, I am flying from MN to my home state of CT for my niece's wedding reception and Nephew's 40th birthday. I was trying to figure if we could afford the trip since we also just welcomed a new baby to our family, and finances are tight. I mentioned in a family chat that I was looking at flights, but I wasn't sure if the whole family could make it. I wanted my family to meet the new baby, and they haven't seen my oldest since before he was walking.

My husband offered to sit this trip out since it's my family and he wants us to go, but we didn't think we could afford the air fare for the whole family. My sister messaged me privately that she wants us all to come out, including my husband, and offered to assist us with the airfare. So she helped us out with the tickets and we also got a rental car for while we are in CT so we could have some freedom while we are there.

My niece's celebration will be a pig roast on Saturday and my nephew will have a gathering for his 40th birthday on Friday. We will be flying out that Tuesday and staying with my sister. My wedding anniversary is Thursday that same week, so I was looking into booking a night at a bed and breakfast on Thursday so my husband and I can have a night without the boys. I asked my sister if she would be put out if I asked her to watch the boys for me, but she said she would love to, but has to work and has other obligations on Thursday so she couldn't promise that she would be available before 8pm.

I also reached out to my brother, and he told me that it comes across as extremely selfish for me to decide to spend my money for my own personal tradition during a trip that I couldn't 100% afford on my own that is ultimately about my niece and my nephew. I told him that we intend to be fully present to celebrate my niece on Saturday and my nephew on Friday, and we will also be there on Tuesday and Wednesday to spend time with the family. I also pointed out that he is also making the trip a dual purpose, as he is bringing his new girlfriend to meet the family, and then will be going to meet her family in NY State (they will be coming from NC). I told him that it's both healthy and acceptable to take time for yourself even while visiting family. AITAH?

Update: well, it was a mixed response. Some criticism was much more on the constructive side, and to those of you who actually wanted to be constructive instead of go on the attack, I thank you for your input and perspective.

I had talked to my sister a while back about potentially going out for dinner with my husband on Thursday, and she had given me recommendations for restaurants. The BnB was a thought - not a well thought out thought. I guess my thought was it was one night, as opposed to shelling out for a hotel for the whole stay. If we weren't staying with my sister for the majority of the stay and had put our money toward a hotel to begin with and were just asking for one childless night, I wonder if the response would have been a little different. I know it probably would have still ended with me being the asshole - but it almost seemed as if the consensus was that I shouldn't spend any money at all after accepting an offer of assistance. But I digress - my point is, I heard some great suggestions and have decided to put the money that would have gone toward a BnB toward groceries instead and offer to cook dinner for the family with hubby instead.",yta
"AITA Went to a friend's house after she was in the hospital.
Hello, first time poster but long lurker...

Well, I have this friend that I know for more than 20 years, let's call her L, she is trying to have a baby with her husband for a long time now and she went yesterday morning to the hospital to get a procedure that involves a epidural inyection. We were talking about it and other stuff casually through the day, nothing out of the ordinary, she told me she will be at her house recovering and told me that she wanted to rest, that's OK.

So, around 5pm she told me a that a friend in common is going to her house to hang around with her husband, that she was going to be in her room, but I can go if I want to. So I told her that I will consider it... So after work I went to get a game from the game store and thought that it will be nice to show up and to bring my wife along as she had been having some though days at work, (they know each other for about 10 years, we are all close friends, we have traveled together, stayed in each other houses,... Etc)

My friend kept saying that she was too tired to hang out, and she will be at her room and I thought, it's OK, you already established that, so I took it as an apology for not being present.

So we arrived around 9pm, ate some pizza with her husband and the other friend, had a laugh and when we were leaving around 11pm L sent a msg in the group chat that we are all inconsiderate people, immature, with lack of comment sense, that we didn't let her rest and we took the opportunity to hang out without her, and she cannot believe that we are all so lack of empathy, saying that when she said that she wasn't going to hang out it was her means to say that she doesn't want more people in her house, she said that being 3 people, all male, calls for a boys night but when I bring along my wife suddenly it was no longer a boys night but a party and she did not want that... I told her that she never communicated that to me, she casually invited me, never told me about a restriction, how was I to assume that she had a people limit or gender limit, my understanding was, it's a little casual dinner and you will be resting and we respect that, I didn't autoinvite myself... So the problem is not the misunderstanding, because it is a misunderstanding, or her being mad because she wasn't being taking in consideration, but the quick to give us harsh words like there is something really bad that is happening since a long time and this was her limit.

Soooo, idk if I'm in the wrong here, she said to ask external people for other opinions, so here I am... Feel free to ask more context if you need it and sorry in advance for the typos and grammar errors.",yta
"AITA for fact checking everything?

I (40F) have gotten to the point in life where I check reputable sites and sources for pretty much everything I see on social media, or hear irl during conversations. There has been so much spread of misinformation over the past decade on social media that now I hesitate to believe anything I see or hear until I verify it.

And since I have been doing this for so long I generally have a more neutral opinion on a lot of divided issues, because more often than not I end up getting 2 sides to every story while verifying information. I usually end up I pointing out other perspectives, something I actively worked on in my 30s because I used to be one of those people who never bothered or cared to consider a different perspective than my own.

But I just end up being labeled as either contrarian or argumentative.

I keep getting told that I just *want* to disagree with people, or that I am purposefully trying to prove people wrong. Sometime people even say that I am disagreeing for the sake of disagreement. But a lot of times I genuinely am so flabbergasted by what I see or hear that it bothers me to think it could be real, so I check. It truly is just me needing to reassure myself that outlandish claims aren't real because **** man I am overwhelmed with how bad things have gotten in the world or how crazy people are, etc. So when people say ""OMG did you see/hear ______"" I say, ""Oh that can't be real"" and pull out my phone and show people how and why it's not.

It has gotten to the point where I even have to pull out my phone and fact check myself, because people make me feel crazy for saying something, and I question whether or not what I am saying is correct. Which feeds into their belief that I ""just have to prove people wrong""

I find it extremely difficult to just agree with people just for the sake of it, or let them believe something that I don't think is true and check facts when they are not around, or just keep my opinion to myself instead of pointing out a different perspective. I feel like I'm stuck between their idea of arguing for the sake of arguing and what feels like me agreeing for the sake of agreeing.

I have now begun to alienate myself from coworkers and friends because I can't stop myself and it makes me feel like I'm the problem.

So AITA?",yta
"AITA - for booking a trip to the same destinations as our good friends who planned a family trip?

A few months ago, our really good friends (family of four, 2 kids same age as mine) booked a family trip to London/Paris for New Years break (Dec. 26 - Jan. 2) and to also celebrate their young daughter's birthday (she picked the destination).

My wife and our neighbors, who we are also good friends with, were recently talking about planning a trip for the same time of year (as it's when our 2 kids and our neighbor's kid is out of school) and after a lot of failed ideas (cruise, skiing, etc.), it came up that they also wanted to go to London and be in Paris for New Years (they brought it up, not us). Before I knew it, my wife had purchased expensive 1st class tickets leaving around the same as our friends who planned the family New Years/birthday trip.

So, we tell our friends that we are going to the same cities during the same time frame and that's when we realize we're on the same flight out. We also realize our plan is to take the Eurostar train on the exact same day to get to Paris. The day after we made this realization our friends let us know they changed their outgoing flight to eliminate any awkwardness running into one another at the airport (and on the plane) and stated they were just a little caught off guard with the overlap. I'm thinking that either they now have changed things to leave a different day or have to fly a connection (there is only 1 direct flight on the day we are leaving) and may have also added to their trip cost for the adjustment. Needless to say, I feel absolutely awful about this situation.

I'm kind of mad at my wife for making this decision without me (she bought the plane tickets without discussing it with me, although in fairness to her she does usually plan our trips), but I definitely would have aired my concerns about going to the same cities as our friends at the same time... totally foreseeing the awkwardness this has caused.

So now I'm just hoping to salvage this trip and hope we don't run into our friends while we're away, so they can have the family trip that they should be having on their own. Sure, London and Paris are big cities, but I'm still stressing about it.

For additional context our friends taking the family trip are friends we've traveled with several times before. We just finished up an international 2.5-week trip with them this past summer and had a fantastic time. Still, I can't help feeling that we've inconvenienced them with this situation, and I really hope it doesn't damage our friendship.

Our neighbors, who we've also traveled with, are good friends too although we're not quite as close and part of me just wants to cancel the whole trip and get a credit for the airline tickets, but I'm sure that would hurt their feelings and I'm not sure our other friends would even expect or want us to do that (especially now that they've modified their plans).",yta
"AITA for calling out my Stepdad for not wearing the correct shirt to my wedding?

My wedding was this past Saturday, and I had both of my dads walk me down the aisle (my bio dad, and my stepdad). Keep in mind that my bio dad lives halfway across the country.. I sent them both the same $15 sage green shirt to order and wear with the jeans of their choosing since it wasn’t a completely formal wedding. I didn’t think this was much to ask, but here we are. My stepdad had previously texted me months ago about how he received said shirt in the mail, so I know he has it. Instead, he wore a completely different color green polo with a palm tree on the front. I’m assuming that the shirt change was deliberate, considering he brought another green colored shirt with him. He stayed at a local hotel the night before the wedding, so he did have to pack what he needed in a suitcase. I just can’t shake off the fact that he would do that/ why he would do this to me. I just sent him a text and feel bad for calling him out, but I just can’t sleep since I’m so annoyed by the situation. I’ve been so laid back with everything regarding the wedding, so I just don’t understand how the 1 thing I asked for was completely ignored. I’ll put what I sent via text below but replacing names for privacy- “Can I ask why you didn’t wear your shirt to my wedding? You packed a different green shirt with you, so I’m assuming it was deliberate and it’s just not sitting well with me. All I asked was for you to wear a specific $15 shirt that I know you have because you texted me when it was delivered with jeans and you couldn’t do that for me. I just had to text you to get an answer because I’m pretty pissed about it, but I also wasn’t going to allow anyone to ruin mine and my husband’s 1 day to celebrate us. I chose to ignore it for the day, but I just can’t understand why you couldn’t just wear the dang shirt. I wanted 1 nice picture of both of my Dads walking me down the aisle and you ruined the only opportunity for that to ever happen. For that, I am rightfully disappointed and very pissed that I will never be able to have the picture I wanted from the entire day. I can recreate whatever pictures with my husband if I ever wanted to, but there will never be another time that both of you will be in the same place with me in my wedding dress ever again.” AITA for sending this to my stepdad?",yta
"AITA if my boyfriend overheard a conversation between my friend and I and he made a joke about it for them to hear?
Hi, I’m new to posting on Reddit but I really don’t know what I should do right now. Please help me!!

I (21F) was on a phone call with my best friend (21F), she’s like my sister and we’ve known each other since we were kids. She’s is arguably one of the most important people in my life.

She was ranting to me about something that happened at her work, something to do with incompetent co-workers. I was listening to her as I was completing some of my own work while at home, so she was on speaker.

My boyfriend (21M) came back to my apartment while I was on the phone with her because him and I were planning to go out for dinner. I’ve been with him for about a year and a half, and it’s no secret that my best friend doesn’t like him. They’ve only ever met through an online video call since I don’t live near my best friend anymore but I still wanted them to meet. They got off on the wrong foot because they disagreed on a couple subjects- either way she doesn’t like him, and he said it doesn’t affect him (which I hate that he thinks that way).

My best friend is always the first person I go to about anything, and I think I’m the person she goes to also.

Anyways, as soon as my boyfriend came in, I let him know I was on the phone with her and I thought it was enough to imply that he should be quiet. I took my friend off speaker since I finished my work and she continued talking, not knowing my boyfriend was there. He was sitting next to me so he could’ve overheard her talking and chimed in, in a joking manner, “Wow, that’s crazy.”

I looked at him like wtf dude, and my friend went silent. She asked what was that she just heard, and I just apologized because I was so embarrassed and upset with him.

She suddenly said she had to go, and I apologized again and said goodbye.

I got upset with him and tried to tell him that what he did was fucked up and he said he didn’t see what the big deal was. I got even more upset at him because he didn’t understand, nor did he even try to see from my perspective that it could break the trust that my friend has in me.

I texted her another apology and told her that I don’t want her to think that he hears everything she confides in me in, which he doesn’t, this was the only time that he was near me while I was on the phone with my friends.

She hasn’t responded for a few hours now and I don’t want anything to come between us. We’ve never really fought before. AITA? What should I do?

- ps. my bf and I didn’t end up going to dinner, I sent him back home and he might be upset at me too but idc he’s not really my concern rn.

EDIT: wanted to add an edit to clear some things up
- when my boyfriend first arrived I told him I was on the phone and I took my friend off speaker (but I do agree I should have told her he was there)
- my friend can be loud when she’s ranting, hence why I think my boyfriend could hear her
- when I tried to talk to my boyfriend after the call ended, he said he didn’t see what the big deal was and was too tired to talk about it so I didn’t push it at the moment. I let him be and he left my room and eventually fell asleep on my couch for a couple hours. I didn’t want to wake him up so I let him sleep and the place we wanted to eat dinner at ended up closing. I told him when he woke up that he should go home since he was still tired, but I told him only if he was okay to drive. He said he was, apologize for falling asleep, hugged and kissed me goodbye like normal. He might be mad but idk and tbh I don’t think he is because he didn’t see the issue in the first place
- my friend doesn’t like him because they ended up talking about politics the first time they spoke. They disagreed on subjects that I can’t even remember now but I think it solidified my friend’s dislike for him (he’s not pro-life or maga so I know it’s not about that)
- for everyone saying that I’m childish and overreacting, I understand. He is my first boyfriend and I think of my friend very highly because she’s always been there for me. There are definitely things I can improve on as a girlfriend and as a friend. I appreciate any advice and insight from everyone.",yta
"AITA for not controlling my friends?
18m recently moved into my accommodation for university and was brought some friends over to pre drink before heading out. I was chatting to my new flatmates one also 18m in the kitchen when I brought my friends in. At like half ten before we left He asked if we were all coming back for afters here as well and I said yes.

He explained his boyfriend was coming over in a bit to spend the night after 22 hours in A&E so if we could just be mindful in the hall when walking past his room with the noise because he’ll be trying to sleep. (He mentioned he was just getting something checked and was fine it was just 22 hours of waiting)I said yeah that’s 100% and he asked me to just tell my friends as well, he said he’s not trying to stop anything just with the circumstances if we can just be mindful in the corridor.

So we get back at like 3am and my friends are really drunk and this girl I’m friends with is practically screaming her conversation as we walk to the kitchen. I remind them of my flatmate and his boyfriend and another friend is jokingly like his… boyfriend? HIS boyfriend? Then someone else says if he was in A&E for 22 hours why is he here after? Why isn’t he in his own flat or home? His choice to be here if he’s being unreasonable. The friend who was all like wait HIS started walking past their door singing that Hank steel cowboy song.

My flatmate opened the door and asks my friend wtf are you at, my friend said to my flatmate in a laughing tone you must have some dick because imagine being stuck in hospital and all you can think about is when you’ll get another go at it. I know how this sounds but the delivery was very jokey my friends not a bad person he doesn’t have issues with anyone he was just very drunk and I think trying to impress the girl who was going off about how we don’t need to be quiet for anyone when I told her off.

My flatmate said if there’s anything else he calls security then closes his door. Next morning I say hi to him and try asking about his boyfriend and he just has a go at me saying if you knew they where like that why’d you bring them back here and I just said I wasn’t expecting that and he seemed still annoyed but like not wanting to argue it any more.

Though I think my friend had a point, he knew what he was signing up for and expecting us to walk on eggshells In that kind of setting is almost a bit demanding?",yta
"AITA for playing video games at night?
I (18m) am in college, and my roommate is being a buzzkill. Btw it's been like 3 weeks since we moved in, so idk why he's suddenly having an issue.

I usually play video games at night bc since I've got here at least it's when I have the most time to play, and it's just to wind down after a long ass day. My roommate however, just complained and didn't ask me to stop playing, but said I'm too loud and asked if I can be quieter.

Idk what he's talking about because I'm not loud at all. I asked him how, and he says sometimes I can be pretty loud without even realizing. Y'all are going to say he never told me to stop playing, but I just get the vibe he doesn't want me to play any games at all because I'm genuinely not loud. When I play on the tv I have my headphones on, so it can't be the noise of the tv lmao. I'm actually pretty chill when I play games, and I'm not that stereotypical gamer who rages over everything.

AITA?",yta
"AITA For Not Allowing my son to take a work?
My son (15) recently started and finished a probationary period (15hrs) at a job he applied for a few weeks ago. It was spread out over 3 five hour shifgs over two weekends. I am Against him working due to the fact He has a lot of his plate. He takes two college classes, an ap, + honors classes and plays football on top of that. Ivd told him this and he says weekends are always available, but I don’t want him working during the school year at all. Over the summer yes.

He did the probationary period, and they expressed desire to hire him, and I told him he’d have to decline. I allowed him to do the probationary period but I don’t want him actually working shifts even on the weekends because he still has work to do. He had to stay up late (9:30) to get all his work done on his shift on sunday. When I told him he’d have to decline, he tried to argur about it but I wasnt budging on my stance so he let his boss know. Now he’s mad at me about it.

AITA?

edit: my sons actual Work schedule that was shown to him after they decided he would be hired was Wed-Sat 4pm-9pm… he was able to rearrange his shifts to preferable days last time but he’d have to rearrange some of these shifts to the weekend which I don’t want",yta
"AITA for an automated message waking a potential client at 1:30 AM?
I run a very small independent business where I offer tarot and spiritual readings. I handle my own bookings, payments, scheduling, and client communication.
Yesterday, a potential client contacted me about booking a love reading. We discussed pricing, different reading options, and meeting in person. They wanted a face to face reading, and I offered to meet at a coffee shop. They said they were worried about becoming emotional in public, so they asked if I could come to their home instead.
I explained that all appointments require a 40% upfront fee because of travel and because I’m reserving that appointment specifically for them. They weren’t comfortable paying before meeting me and asked for a reference. I provided one from a previous client.
We continued talking and everything seemed fine. I sent them my Square payment link and explained that I only accept payments through my website/Square so everything stays properly recorded. They replied, “Okay thanks. Makes sense.”
Later that night, my booking system automatically sent them a text at approximately 1:30 AM saying, “Are you still interested?”
I did NOT send this message myself. I genuinely had no idea my booking system could send automated messages at that time.
The next morning, they messaged me saying:
“I can’t believe you texted me at 1:30 AM to see if I’m still interested in a reading?! Who does that?! You woke me up! That’s so unprofessional of you!”
I immediately apologized and explained that it was an automated message. I told them I would never intentionally contact a client at that hour and that I would be checking my settings to make sure it doesn’t happen again.
I completely understand why they were upset. If I had personally sent someone a message at 1:30 AM, I would also consider that inappropriate. However, I genuinely didn’t know the system would send it, and I apologized as soon as I became aware.
So, AITA for the automated message waking them up, even though I didn’t personally send it and had no idea my booking system would contact them at 1:30 AM?",yta
"AITA for vacuuming at 4pm while my roommate was in a zoom class
Today I got home and noticed the buildup of dog hair on the floor of my room, so I decided to vacuum. I noticed my roommate in a zoom class, but I had the door shut so I figured it would be okay. It, however, was not okay, and she came storming up the stairs and said rather rudely ""is there literally *any* other time you could be doing this?"" I apologized and told her I didn't realize it was that loud, to which she responded ""yeah, it is. I can hear it through the floor. thanks."", whipped away, and stormed back down. I don't doubt that it was bothering her, but also I don't really feel in the wrong because its 4pm on a Tuesday and she could easily do her class not in the shared dining room? Idk, AITA?",yta
"AITAH for wanting my brother to move out?
So I am 19M and my brother is 31M. We live in a 3 bedroom house and his room is upstairs. I have always loved his room since I was a child. I sleep in one of the two rooms downstairs along with my Grandma. For about 2 years I have been asking my father to build me a room as I really need my space to study and just sit. My room is right behind the TV as well and sometimes my Dad watches TV till 12 so it is hella annoying and I love my Grandma but come on that big of an age difference ofc there will be arguments every now and then. So now I just want my brother to move out so I can get his room. Dont get me wrong I really love him but my house originally only had 2 rooms downstairs and they build one for him when he was like 16 or 17.

I just want a space of mine man my room has no table has two beds this is where guests and all sleep when they come over. Im in my second year of college and I really need a study space man. I have struggled with sleep since I was in 6th or 7th grade. Since 10th I cant remember a whole week where I got more than 8hrs of sleep unless it was vacay. Constantly sleep deprived. He had the room since he was like 16 and hes 31 now mann. I think he should move out like I really need the room.",yta
"AITA for not responding to my friend during a football game when I was hosting my friends from out-of-town?
I (22M) had some friends coming into town for a college football game. My friends had driven 14 hours for the game, and it was my first time seeing them in a while, so I was really excited to see them. 

I invited some of my local friends to join us at the game, and told them all to bring their student IDs so we could avoid the hefty student validation fee. Basically, how it works at my university is buying tickets without a student package requires a student ID to get through the entrance. Otherwise, you have to go through a different entrance and get split up from the group, and pay an expensive fee on top. 

The plan was to have each one of my friends from out of town exchange phones with one of my local friends, so my local friends could use the external ticket and their student ID, and my out of town friends could use the regular student tickets without needing student ID. This ensured nobody was split up and nobody had to pay a fee. For the most part, everybody is able to get through, and phones get returned to the people once we're past the gate.

However, one of my local friends (21F) can't get in. It turns out the out-of-town friend of mine she had exchanged phones with had screenshotted the ticket instead of downloading it to her wallet, and it wouldn't scan. 

My friend is now trapped outside the venue and her phone is stuck inside the stadium. When we realize she can't get in, her boyfriend (20M), who is also my roommate, rushes to her because she's kind of drunk. We realize there's nothing we can do because the ticket won't download. Now that he's left the stadium, they couldn't get back in anyways even if they had gotten it to work. 

They leave, and I call them because my out-of-town friend couldn't get into the phone she has. They don't pick up, and I need the password. When they finally pick up, they sound furious at me, which I feel is unfair because I told my friend to download the ticket to her wallet and it’s just a game. I know how stupid trying to cheat the system was, but I had done it in the past, and everything had gone fine. 

My local friend's roommate leaves at halftime so I send the phone back with her, but I'm not actually sure when she has her phone back. I text my roommate to see if they made it to her apartment. He says yes. After the game ends, he tells me that I should send his girlfriend an apology text because the game was important to her and she had to miss it. I was already planning on texting her after the game, so I send the texts, but she doesn't respond to any of them. I ask him to tell her to at least respond to one of them, but apparently she never saw any of them because when she woke up from her nap and saw that the game had been over for 10 minutes and hadn't heard from me, she blocked my number. 

I feel that this is unfair that I don't even have the chance to apologize, and I don't feel that I should have had to do so during the game. AITA?",yta
"WIBTA if my boyfriend and I back out of a friend's wedding abroad?
Hi everyone,

Some background: six of us met through work: me (Laura), my boyfriend Tom, Jess, Mark, Ben and Anna. Ben is getting married in Mexico in four months and invited all of us. We all are 27-29 years old and live in England. We committed two months ago, pretty excited and without really doing the math or looking into the details. Our idea was a two-week vacation plus the wedding.

Since then, a few things have come up:

Time off: Jess and I work directly together, and my boss just decided we can't take vacation at the same time. Only one of us can go.

Costs: We expected flights around $900, with $1,200 as our max. Now they're about $1,400 per person, plus roughly three domestic flights if we travel around the country. All in, about $2,500 each.

Fear of flying: Tom is afraid of flying. When we committed, he assumed a direct flight and getting around by car or bus. Turns out both long-haul flights have layovers, plus the domestic ones. That's a real strain for him, and buses would take way too long.

Travel plans: Anna planned her own three-week trip with lots of hiking (which none of us want to do) and already booked everything. We could join her, but don't have to. We'd planned to share accommodation at the wedding, though, so if we cancel she'd need her own place.

Mark: If Jess stays home, Tom and I could go, but that would mean two weeks as a group of three with Mark, and honestly, we don't want that. We like him, but over time he's VERY exhausting. It wouldn't be a fun vacation. Mark could join Anna in theory, but he doesn't want to use that many vacation days or do the hikes.

Where we're at: Jess has good reasons to stay home: someone has to cover at work, her boyfriend can't come (so safety concerns too), and she doesn't have the vacation days for Anna's route. Tom and I are thinking about canceling too. Flying out just for the wedding week would still be $1,400 plus accommodation. To make up for it, we'd take the couple out to dinner afterwards.
We feel really guilty. $2,500 each is a lot, we're not that interested in Mexico as a destination, and we underestimated the flights given Tom's fear. But we hate being unreliable. We committed two months ago and the wedding is in four months. WIBTA if we cancel?

TL;DR: We committed to a friend's wedding in Mexico, but it's way more expensive than expected ($2,500 each), my boyfriend is afraid of flying and it'd be far more flights than we thought, and one friend can't get time off. We'd rather not travel alone with another friend who wears us out. We want to cancel and take the couple to dinner instead. WIBTA?",yta
"AITA for ignoring a neighbor’s request to stop kids from screaming while playing outside?
Using a throwaway. I’m (26f) a SAHM with two children, 4m and 6f. Our family lives in an apartment complex that’s more on the lower income side, which we moved into about two years ago. In the time since we moved here, there’s been a group of 10ish (?) kids that live on our street ranging from 5-13 in age that play in the big parking lot area outside our apartment building. This complex has no playground, so this is why. The kids are from various families and usually unsupervised. But they’re basically right in front of the buildings where they live, so their parents can yell for them to come in.

The kids like to play in the evenings plus a few hours a day on the weekends, and my kids will join them many days. However when my kids join I always supervise the group

A couple months ago they were playing as usual on a Saturday morning, and I was standing near the group of kids because I was getting ready to bring mine inside for lunch. At that time I was approached by a woman (about my age) who said she lived in my building. The conversation went like this:

“Hi, are you one of these kid’s moms? I’ve been trying to see if I can talk to one of their parents but they’re usually not with them”

I said yes, I’m one of the moms.

She said “I know these kids like to play outside and that’s good, but they all do that thing where they scream wordlessly every few seconds at the top of their lungs for no reason. Is there any way someone can tell them to ease up or find a better play area? I work night shifts and it’s basically right outside my window”

I was polite to her and told her yeah I’d see what I can do, but in my mind kids will be kids. They are allowed to make noise when they’re playing outside during daytime hours. Also most of the kids aren’t mine anyway. So I brushed it off

Another month after that she approached me again and was much less civil this time. In her words she said that it shouldn’t be that hard to get these “brats” under control. She told me she’s tried to use headphones but can still hear their “obnoxious screeching”. Due to her rudeness I wasn’t feeling inclined to deal with her any longer, so I told her to leave us alone and contact apartment management if there’s any issues.

Since then, she hasn’t approached me again but sometimes when the kids are being loud she will open her window and scream back “shut the f*** up!”. After this started, I contacted management myself but it’s not the type of complex to actually care about petty neighbor issues

Am I in the wrong here? I haven’t noticed any other neighbors saying anything to us or to her. My husband just said “ignore her she sounds nuts”",yta
"AITAH for not accepting the unspoken terms of food provided at work.
I work at a small fabrication shop and was asked to come in on a weekend to do a emergency job for a customer. While at work the usual broken crap frustrated me while doing the job and I blew up for a moment before re assesing the situation and continuing the job. It was only myself and my foreman at the shop and he was apparently scared by the outburst and offended by my verbal venting.

After being there for 5 hours he offered to go get us food while i finished up the job and I accepted. Since this incident hes reframed the purchase of the pizza as a personal debt owed by me to him in the form of commitment and cooperation for his generosity. Which turns out was paid for with company funds which he was given shit for. This has gone on for a few weeks and finally I decided I'd just reimburse the company for the food and asked for the pizza remarks to be dropped.

I went to work after sending an email to managment informing them of the repayment and requesting the issue to be dropped. Since then hes become childish and hostile at having repaid the company for the pizza and kept making outrageous claims about loyalty and going rogue while addressing this situation. Unfortunately I lost my grip while being under fire from his non sense and collected my stuff and told him to go fuck himself while leaving.

I'm now on a week's unpaid leave while he continues managing things, I didn't do anything wrong just tried to put the dead horse to rest he kept beating on a near daily basis over the pizza and unspoken expectations. Am I the asshole for refunding the company to put the issue to rest? Or is he a unreasonable nutjob living in a makebelieve land of how adults interact?

I've let the owner of the company handle him and since I'm not fired but I can only imagine how hostile and unreasonable the foreman will be moving forward.

Tldr foreman bought pizza that came with unspoken expectations and when reimbursed for it he blew up. Now I'm on unpaid leave for trying to do the right thing.",yta
"WIBTA if I (25F) ""forced"" my father (60M) to quit smoking after a pretty major health scare?
My dad's been smoking for most of his life. He started at something like 15-ish and hasn't gone a day without a full pack of cigarette, usually two or three. It's not his only vice, he eats a little too much fast food and drinks regularly, and he also takes drugs from time to time - weed, mostly. My father's always been a funny character in that you'd swear he lives in the wrong time period somehow, he's a peace-and-love flower power long-haired hippie who just rolled out of the 60s in his Combi Volkswagen, and he has the mentality that comes with it.

4 months ago he started complaining about feeling pain in his chest that radiated down his left arm, and about feeling exhausted and out of breath all the time, so I urged him to go see a doctor. He did - three months after the first symptoms, and he was rushed to the hospital the same day. They did some tests and diagnosed him with a heart condition that culminated in him being scheduled for an open-heart surgery and an aortic valve transplantation.

The surgery happened about a month ago now, my dad's been very slowly recovering, he spent a few nights in the hospital after the surgery before being allowed back home and since then he still goes there regularly for rehab. He's been told multiple times that he needs to alter his lifestyle, be more active, eat better and go easy on all the alcohol, drugs and cigarettes. My dad being a fucking thick-headed mule hasn't listened to a single word of it of course and has gone back to his two-packs-a-day habits with a side helping of weed when he finds some.

We've had many arguments about it since his first hospitalization. I mean, we've had them before, but I was hoping this one health scare might give him the push to perhaps reconsider and try to take his health more seriously. And this time wasn't nothing either, we're not talking about a weird shadow on an x-ray that may-or-may-not be a tumor, he had fucking open heart surgery to replace a cardiac valve. So I've been more and more insistent about wanting him to quit, because his health is already in tatters and I'm not gonna sit idle watching him wreck what little of it he's got left. I already know, now that he's had his chest opened and vivisected, that he'll probably never turn 80. Still, I'd like it if I didn't have to bury my dad in the next five years or so, that'd be great. I've asked him nicely to quit smoking, then not so nicely, then tried to expose my point of view in a calm and collected manner, then threatened to throw his stash in the toilet and flush, etc. No matter what I say or do, no matter how I try to present it to him, he just blows up and shut me down, calls me a dictator, tells me it’s none of my business.

I’m seriously considering taking more drastic measures to make him quit, but I also know he’s right in that it’s not my decision to make. AITA?",yta
"AITAH for needing a very small snack?
Hey folks, I am in a sticky situation for having a very small snack in my roomies car. Here is the rundown:

I was riding with roomie to Costco yesterday,I'd never been before and was really excited because I have been watching clips of their selections and I saw they had some great sauces and seasonings. Roomie has a membership and agreed to take me because he knew I was hyped up for the dijons and aolis. We went, got some groceries and I got a massive haul for my at home mustard bar, and we headed back home after about an hour and a half. They had a snack bar with pepperoni pizza and build your own hot dogs too so obviously we had to make a pid stop on the way out. The drive back home was pretty long and I tend to get a bit car sick on long drives and feel better with a light snack so I grabbed a few kraft singles from one of the boxes and pecked at it a bit to soothe my mind and clear a bit of the brain fizz. (I have pretty prominent ADHD and while I did love the store it was undeniably a bit overstimulating iykyk). There was some sort of tear or glitch in the packaging of the singles and apparently one fell onto the floorboard. I didn't see this happen myself but roomie informed me earlier today that there was ""stuck on shit"" on his car flooring from the 90-something degree heat all day. I told him not to worry about it but he's been pretty negative all night because of it. He's a very decent guy but it felt like he was being a bit controlling in hindsight because he kept telling me to wait and asking me not to open up the kraft singles or the relish and basically just wouldn't listen at all and would be a bit ignorant when I explained about needing a snack to calm my nerves. Now he's acting like I've done something wrong over a very small snack. I've gone through similar things with him being very uptight with his car and trying to control my behavior when we're in it. If he is so possessive over his car wouldn't a small mess also be his responsibility? I want to emphasize that he really is a decent and OVERALL kind human being, but right now this is frustrating and hurts because it feels like he knows how it affects me. And that feels deeply unkind.

TLDR; AITAH for needing a small snack after an overstimulating errand?",yta
"AITA for saying I won't apologize even though I admit I was in the wrong?
My friend and I had a serious falling out a couple months ago that was never really resolved. Before that, he'd already told me I complained too much on social media and it made people not want to be around me, so there was tension well before things came to a head.

We've always run in overlapping social circles, and his ex is part of that group. We've always gotten along well, purely platonically. After our fight, when my friend had basically gone quiet, his ex was one of the people still talking to me. Looking back, I think part of why I said more than I should have was loneliness. I wanted to feel included by someone, and his ex was there when he wasn't.

At some point his ex talked about him, and I confirmed stuff I believed to be true. I wasn't trying to hurt him, but I won't pretend it was purely neutral either. I was probably also seeking his ex attention at a time I felt invisible to everyone else.

A couple weeks ago I reached out to him to patch things up. No accusations, just that I missed how things used to be. He didn't respond to that. Instead he confronted me over what I'd told his ex.

I told him honestly: yes, that happened, I won't deny it. I said we were both hurting after our fight and it wasn't the healthiest way to deal with it, but I didn't apologize. I don't think I owe one for being honest with someone about something that was, to me, true.

He lost it. Coward, liar, traitor, pathetic, done for good. He also said something like ""if I needed one more reason to cut you out of my life, I have it now,"" which made me feel like this was less about what actually happened and more like he was looking for a reason, and if it hadn't been this it would have been something else eventually.

A mutual friend tried to get him to say exactly what was so bad, he never gave a straight answer, just kept escalating. This also isn't the first time in this friendship I've acknowledged my part while he hasn't acknowledged his.

Now the complication: same friend group, all going out this week. Not planning a scene, but not faking I'm fine or groveling either.

AITA for not apologizing, and for showing up like nothing happened?",yta
"AITA for refusing to kill a massive wasp nest?

Original text: I want to preface this by saying this is all very low-key and that no one is really *mad* at me about it, more like... Gently frustrated. Tempers are not running high is what I'm saying, and if they really twisted my arm I would be willing to relent.

So hanging under the overhang outside of our garage is a quite large wasp nest that has at least a hundred wasps. Everyone but me wants them dead but like... They are so chill. They hardly ever leave their nest and they have been there for years. The nest keeps getting bigger but they keep being cool about everything. Hell I stand directly under their best at least three times a day to take the dog out and they have never bothered me at all. I just don't see any good reason to kill them when they aren't even trying to hurt anyone.

If it matters, we live in a very rural area, so no neighbors could be affected by this. Also I do not own the house, my grandmother does, but I pay most of the bills. My mom comes to visit quite often along with a niece and nephew of mine that my mom was forced to adopt, (It's complicated) one of which is only two, which even I'm willing to admit means that a wasp sting would pose a greater risk to her. I just don't think that it's even remotely likely that they would sting her.

Also worth mentioning that there is a giant fire ant mound out in the field that I'm taking a similar stance on on the logic that it's like a hundred and fifty feet away from the house.I want to preface this by saying this is all very low-key and that no one is really *mad* at me about it, more like... Gently frustrated. Tempers are not running high is what I'm saying, and if they really twisted my arm I would be willing to relent.

So hanging under the overhang outside of our garage is a quite large wasp nest that has at least a hundred wasps. Everyone but me wants them dead but like... They are so chill. They hardly ever leave their nest and they have been there for years. The nest keeps getting bigger but they keep being cool about everything. Hell I stand directly under their best at least three times a day to take the dog out and they have never bothered me at all. I just don't see any good reason to kill them when they aren't even trying to hurt anyone.

If it matters, we live in a very rural area, so no neighbors could be affected by this. Also I do not own the house, my grandmother does, but I pay most of the bills. My mom comes to visit quite often along with a niece and nephew of mine that my mom was forced to adopt, (It's complicated) one of which is only two, which even I'm willing to admit means that a wasp sting would pose a greater risk to her. I just don't think that it's even remotely likely that they would sting her.

Also worth mentioning that there is a giant fire ant mound out in the field that I'm taking a similar stance on on the logic that it's like a hundred and fifty feet away from the house.",yta
"AITA for not going to my grandpa’s 90th birthday party?
So my birthday is on a Monday and I was planning to do something casual with my BF to celebrate turning 25 on the weekend but I’m conflicted with going to my grandpa’s 90th birthday party that falls on that weekend. I’m a FT RN and often weekends so I requested PTO intending to use it for some me time.

To preface I’m not super close to him or that side of the family, growing up we’ve celebrated 1 or 2 holidays together and gone on a couple of outings together. Maybe I see them once every 2 or 3 years. I don’t recall him and my grandma ever celebrating my birthday with me. It’s a 4 hour drive, 4:30 pm arrival time. Strictly “family only” no plus one, even though I’ve been dating my boyfriend for almost 5 years and they’ve met him. I’ve talked to them and they’re not budging with the plus one. My BF volunteered to just go out to dinner or watch a movie separate from the birthday party in town while I go and then we could stay in a hotel after but that just feels awkward.

Grandpa also had mild-moderate dementia but otherwise healthy for 90. Essentially, if I don’t go I think I would feel guilty about it since he’s old. Also they might be bitter about me not going. AITA for not going? If I don’t go I’m planning on a relaxing weekend and booking a night a hotel for a local getaway to celebrate my birthday.",yta
"AITA for finishing my shopping after closing at the store my brother works at?
I (19M) have a brother (22M) who recently started working at a warehouse store. You need a membership to shop there, but employees get one for free and apparently can add another person, so he added me.

Honestly I used to think paying money for permission to spend money was stupid, but I get it now. The prices on stuff I actually buy are pretty damn good, buying in bulk means fewer trips, and the employees will actually help you find something instead of just pointing somewhere. I’ve been doing most of my shopping there lately.

Last week I got there a few minutes before closing. Not ideal, but I knew what I needed and figured it wouldn’t take that long. Obviously it took longer than I thought, partly because I’m still figuring out where everything is.

While I was shopping, I remembered my brother telling me about something they call “the push.” About thirty minutes after closing, employees go through the store telling whoever’s left to grab their last items and head to checkout. Personally I think that’s a little passive aggressive. Either say everyone needs to be out at closing or let people finish, instead of having employees come herd you toward the registers.

Anyway, when that started, I still needed a few things. There’s a spot off to the side where you aren’t very visible from the main aisle, so I waited there while they went past. They didn’t check there. Once they’d moved on, I came back out and finished shopping. It took maybe another fifteen minutes.

I checked out normally. The cashier didn’t say anything about how late it was, I didn’t argue with anyone, and I wasn’t asking them to open a closed register or anything.
The problem started when I mentioned it to my brother afterward. He asked whether I’d gotten there in time, and I told him yes, but I’d had to dodge his store’s “push.” I honestly thought he’d find it funny since he was the one who told me about it.

He got really pissed. He said those people were trying to finish their shifts and that I was deliberately making their jobs harder. Then he said my membership is connected to him and that I could get his benefits taken away or even put his job at risk.

I told him that sounded pretty dramatic over fifteen minutes. I didn’t mention him to anyone or use him to get special treatment. Nobody even asked me to leave.

I understand him not wanting trouble at a new job, but I feel like he’s talking to me as though I stole something. He’s now saying he’ll take me off the membership if I do it again. I said fine, I won’t, but apparently he’s also upset that I’m only agreeing because of that and still don’t think it was a big deal.

So, AITA?",yta
"AITA for wanting my mother to attend my son’s second birthday party?
Backstory: When my son was first born my husband’s mother did not take our boundaries seriously which resulted in her getting completely cut off until we had an adult conversation and apologized. She ended up apologizing to me and my husband and we patched things up. Before things were patched up she was going around calling me and my mother a bitch. My mother and MIL had mutual friends who told my mother what was being said. Naturally my mother was upset about it. I would like for MIL to apologize to my mother but she’s not one for apologizing and my mother can get extremely confrontational.

Now I would like to have a birthday party for my son. I let my mom know what I was planning. She immediately asked who was invited. I told her my MIL and my some of my husband’s side of the family along with my family and mutual friends. She didn’t react right away. When she did she told me she would not be coming if MIL was there. I tried explaining that this was for her grandson and she doesn’t even need to acknowledge my MIL. I even offered to invite her friends so there would be no reason for them to even talk. She refuses. She asked me why she always has to be the bigger person. Then she seemed to blame me for letting my cousins over to our house when I was younger even though she didn’t get along with their parents. She claimed my cousin’s parents never let me over to their house when I distinctively remember going to their houses. I’m frankly hurt by all of this. When I got emotional about this she told me I’m being too emotional. I had to turn my feelings off to even be around her the rest of the day. My family was broken when I was young and I didn’t want that for my son. But it seems like that’s impossible not to have happen at this point. AITA for wanting her to come to the birthday party for my son?",yta
"AITA for refusing a vacation?
OKOK, so, school just started, it’s my SENIOR year, and SENIOR year is VERY IMPORTANT. Anywho my mom has these meetings out of state, and of course it’s hosted in a place I’ve never been to before (we travel a ton), and so my parents are essentially “forcing” me to go: “we already bought you tickets, blah blah blah, oh it’ll be fun, you’re gonna love it, blah blah blah” And obviously I’m worried because I promised myself that I’d keep my grades up to A’s and have perfect attendance, and everybody’s convincing me its fine.. but I’m still hesitant, and as I’ve been doing my research on Millipedes and telling my parents, they threatened my future millipede on me, “If you don’t go, we won’t get you this millipede”, so I went. I missed one class and my grade dropped from an A to a C. Obviously I’m stressed out because I have a 2.4GPA, and I want to actually try AND grades are hard to bring up. They could’ve taken me a different time, but they decided to take me now. My parents keep doing similar things to me, and every time I put up boundaries, they are ignored. My parents keep downplaying it, calling me “dramatic”.
(This feels more like a rant, I apologize)",yta
"AITA for using ai to help me with math homework?
I 15m got in trouble in school today because after class my teacher was asking me why I do perfectly on homework, but poorly in class. I just told her that it's harder in class, but she didn't buy it. She kept on questioning me, so I just told her that I use chatgpt to help me cause tbh.. I was just out of excuses. She went on a rant how she'd rather if I got all the questions incorrect and turned in an actual paper. Then a paper where I used ai to do it. For the most part it didn't seem like I was in BIG trouble, she just kind of gave me a warning, but she did give me a 0 on the latest homework.

It wasn't until I got home where I get in big trouble because she had a be an asshole and email my parents about this. My parents were super pissed at me. They're forcing me to stay afterschool every Thursday to get extra help with her, and I'm going to be punished if I don't. This is annoying because I just don't really care to do all that. I can just stop using chatgpt. Then they also won't let me use any video games for the next month. Nothing that happened earlier today was that serious to warrant a video game ban... Like ok even tho I find the tutoring that I'm supposed to do annoying. At least it makes sense why I'm being forced, but taking video games away is overdoing it and is unfair, but I guess..... AITA?",yta
"AITA for telling my sister I won’t be looking after her dog during her wedding week because I already have other plans?
Anyway, my sister is getting married in a month, and back in March she asked me if I could look after her golden retriever during the wedding week, because pets aren’t allowed in the banquet hall, and her fiancé’s family has allergies. I said I probably could, but I wasn’t 100 % sure about my schedule yet.

Let’s fast‑forward to the present day: my best college friend is coming from abroad for just a week (she moved to Australia three years ago and this is her first visit back), and I really want to spend time with her instead of staying at home with the dog, which, to be honest, requires a lot of attention. He’s still young and goes for walks three times a day.

About three weeks ago, I told my sister that I can’t do this anymore because of my schedule, and she needs to find a place for boarding or ask someone else to do it. Now she says it’s too late to look for a good place to board the dog — all the decent options are taken because of the wedding season, and she’s worried that her dog will end up in some kind of mess.",yta
"AITA for telling my mom I wouldn't want my nephews at my wedding but my nieces?
For some backstory, I’ve been planning my imaginary wedding since I was a kid, so the fact that my boyfriend actually proposed and I’m now planning the wedding I used to daydream about is honestly crazy to me. Last night I was talking to my mom about wedding details, and she randomly brought up what color scheme my nephews, a 1-year-old and 5-month-old, are going to wear. I immediately said, ""They're not coming,"" mainly because both of them are extremely loud, especially my one-year-old nephew; he's at this age where all he does is let out a high-pitched scream constantly, which they just let happen, and it gives me migraines, and I would not tolerate that on our big day. I was also leaning towards a more childfree wedding, with the exception of inviting my sister on my dad's side, who has daughters; she has a 1-year-old and twin baby girls, but the way they act is so much better, it's like night and day. My mother, of course, got mad about that saying how I'm supposed to be their best friend and their cool aunt, which is honestly baffling since I always avoid them????? Honestly, this all boils down to my nieces having better behavior than my nephews, so AITA?

And I almost forgot my mom is mad that my fiancé and I are bringing our dogs to the ceremony with us.

EDIT: Someone told me to add this to my post. I'm in low contact with my nephew's dad, my brother; he's abusive to me, and I had to call the cops on him for assaulting me, so their parents are not even going.",yta
"AITAH for buying my son a ""replacement"" goldfish after his first one died.
I (36M) and my wife (37F) recently took our son (6M) to a local fair that happens once every year or two in our local area, while at the fair our son spotted those plastic bags with the goldfish in them and got very excited, for a bit of context our son has loved fish ever since before he could speak, we think it's because we used to put aquarium videos on the TV when we would do household chores and we would bring his cot into the living room so we could watch him while doing so.

Before the fair he had never asked for a pet fish, probably because the idea had never crossed his mind but as soon as I noticed his eyes on the goldfish I could tell the cogs in his brain were putting the pieces together that he could have a pet fish and started begging us for one immediately, my wife had her reservations but I thought it would be nice for him to have a pet and after talking about it for a few minutes we agreed that if he was good for the rest of the day he could get one when we were leaving, sure enough from that point on till we were ready to leave he was on his best behavior so we went back to the game with the goldfish and won a fish for him, he told us he already had a name as soon as he saw the fish earlier and called it Gerry, he made it extra clear to us it was spelt with a G for goldfish.

The whole car ride home he was talking to the Gerry like it was his best friend, on the way home we stopped in at a pet store so we could get Gerry a proper tank and the other essentials for taking care of a fish and set it all up for him when we got home, for the next 2 weeks everything was fine, our son was sitting at the fish tank for hours every day talking his head off to Gerry and was even feeding it by himself, however yesterday when I got up to go to work I noticed Gerry floating on top of the water and my stomach dropped, I tried touching it a few times to see if it was sleeping or just playing dead (idk I'm not the most knowledgeable on fish) but it didn't respond to anything so I was all but certain it died.

My wife and I have been worrying about the day we'd have to explain death to our son, he's always had a light in his eyes that you'd only ever see in a kid and we don't want to take that from him, I assumed since the last time we'd spoken about it about 2-3 months ago my wife would agree that the goldfish dying now wouldn't be the right time for him to learn about death so I called in sick to work and drove back to the pet store, thankfully there was another fish that looked like Gerry there so I got it and brought it home so that our son wouldn't know that Gerry died, when my wife and son got up to get him ready for school and saw I was still at home my wife casually asked me why I wasn't at work, I told her I would tell her after our son was at school and offered to drive him, when I got home I told her everything that happened, she told me that getting a new goldfish was a bad idea and that our son would notice. AITAH?",yta
"AITAH for not serving a customer?
I am a server at a small Italian restaurant and the other night I had a dinner shift. My shift was absolutely awful, I had 2 tables (1 of which was extremely rude and basically just refused to acknowledge my existence) and the restaurant was a disaster when I got there. So, I had to do a ton of work (sweeping, polishing and rolling silverware, polishing glasses, refilling salad dressings, etc. etc.) and then not to mention the AC in my restaurant is broken and so it's around 85-90⁰ F the whole night. And because I only had 2 tables, I did all this work, in the heat, for hours, while making minimum wage.

Our last table left at around 8pm and the restaurant closes at 9. So now the other server and I are supposed to be there for another hour. But since the night was so terrible and both of us made practically nothing, we decided to close and leave at 8:40. So we start cleaning and then everything's cleaned up and put away by like 8:10ish. So we sit there doing nothing in an empty restaurant for like 30 mins and then right at like 8:39, some guy walks in.

My coworker walks up to the door and asks him how we can help him and if he was here to place a to go order. The guy says "" I want to eat here. It isn't too late is it?"" (and he says this very annoyed and angrily too) and so my coworker responds and says ""Well, it is a little late. Would you like to place a to go order instead?"" And the guy goes ""NO. I want to eat here. Give me a yes or a no! Can I eat here?"" And so my coworker asks me if I want another table and I said ""No, I really don't."" So the guy left.

I do feel kinda bad for turning him away because even though I had an awful night it is still my job and that wasn't his fault, but at the same time I REALLY did not want to stay an extra ~30mins for a one top. And also, dude had all day to come into the restaurant, I feel like 20 mins before closing is kinda rude regardless. So AITAH for turning him away?",yta
"AITA for getting mad at my mom for talking to me in the kitchen
I am 26 living in my parent's house, I am saving money for my own place one day. I work and pay rent I get along with both my parents unlike my other two siblings who fight a lot with my mom and both have moved out. None of us are non-contact and we have fun every holiday and still go on a yearly vacation in October.

My mom can be very argumentative and likes to point at flaws even mid conversation. I get along with her and don't really get upset unless I'm in the kitchen. I've seen tiktoks where other people get upset when someone else goes into the kitchen while their cooking so I feel like others can relate.

I'll be minding my own business quietly and she'll say ""how long are you cooking that"" or ""the stoves up to high your going to burn it"" and ""are you done with that, want me to put it away?"". Every time I cook, the foods not even for her??? She already ate and is just occupying the same space as me. I get a upset everytime maybe I'm hangry but I wish she would leave me alone in the kitchen. I tell her that but it doesn't stop her the next time. I know we are parent and Child and she wants to mother me to death but AITA???

Edit: thanks for the comments I wrote this just to vent my feelings some people wanted more details. No I don't want to move out I love my parents I want to take care of them when their older. My mom wants me to be independent though so I am moving out in the future. My mom's taught me to cook growing up and she compliments my cooking saying its better then hers sometimes. Let me tell you more of what she says when I'm in the kitchen ""what are you doing in there"" ""did you make any for me"" "" its to late to make that"" ""you shouldn't eat so late"" ""you should air fry that next time"" ""your chicken looks anemic (she means pale)"" ""I would do this instead (explains thing she's already told me before)"" ""don't make a mess"" ""your making a mess (I clean after I'm done eating)"" I usually ignore it, I find nagging to be endearing because she cares about me. I'm just a meaner thing in the morning cause I'm cranky and haven't eaten in 12 hours. I work second shift so I eat at 12am and wake up at 11am and eat around 1pm. At first our conversation today was good we talked about the mail as I got out a corn dog and three veggie spring roles. She's moving back and forth from the kitchen and dining room doing something. I get a bag of water melon out that's almost empty (has three small pieces left) and put on my spot on the table. While my food is cooking in the air fryer I unload the dish washer watch a tiktok (which people hate it guess) then turn the food. I sit down in the other room waiting for it to crisp up a lot. I want that food to shatter like glass against my teeth. Ten minutes go by and she goes ""are you done with the water melon want me to put it away"" I go ""no"" she goes ""How long are you going to cook that its going to burn?"". It's not burnt not even a little, I tell her I'm not really looking for advice and that I'm hangry. I burnt my hand three times while taking my corn dog out of the air fryer because now we're both yelling becuase she went into the other room. Stuff was said I was being more snarky then angry I felt like, then she got mad mad called me disrespectful and I got silent. I feel bad afterwards wrote AITA to vent and people were like ""bad narrator"" not ""enough info"" like okay here's the most boring story no one's ever going to read. Bleeeeeeeh",yta
"AITAH for practicing music in a college living area
So I'm a musician trying to go pro in Norway. I'm a lead guitarist and vocalist of a local band, who has recently finished my first few concerts with the band and I am releasing music soon. Due to my dedication to the artform I need to practice consistently.

Last month a new batch of students moved into my living area. I initially made them aware that I am a musician and it might get noisy from my room and they said that was fine.

Last week they went back on their agreement (last years students didn't complain once), and tho I'm not faulting them for changing their minds since they didn't know how or what I practiced, I am faulting them for how they went about it. We planned a meeting yesterday to discuss and find a solution. Since I know it can be bothersome to listen to it often, I didn't go in with any anger or hostility, I went in with some suggestions I thought could work and wanted to see if we couldn't find a amicable solution for all 4 of us.

(Since I have a amp for my guitar, but also a PC program for it) I suggested that I mostly practice guitar through my headphones, but that I get to use my actual amp 0-2 times a month in case I need it (and also that I send a textmessage ahead of plugging it in so I don't disturb them during something important), and that I otherwise get to practice singing for 30-40 mins a day, 5 days a week in the timeslot between 11.00 and 13.00. All of this was shut down due to the soundlevel. They told me that the guitar was never acceptable, even as infrequently as I asked, and they told me that the vocals are only ok to the extent that I keed it at talking volume (something I obviously couldn't agree to, because belting is an important technique for my style). And that's not even mentioning the fact that the only reason I suggest a timeframe is so I can be a bit louder, because if I only keep it at a talking volume, I can sing in the middle of the night if I want to. I'm allowed to speak when I want.

And the reason I chose that timeframe is because it's late enough to where everyone is awake, but eqrly enough to where school is still going on so it's a high probability that people aren't home. But because it's not guaranteed, they didn't go along with it. I know as a musician it can be tiering listening to my practice often, but it is my dream, and I need to practice. I feel like the suggestions I presented where highly reasonable to find a solution that could work for all 4 of us, but they had a very entitled attitude about it (imo), (they were also very disrespectful during the discussion, but that's not relevant here. What is relevant is the basic jist of what we want). I want a timeslot where I can somewhat consistently practice vocals, and the option to use my amp (which is turned down to the lowest sound setting that doesn't choke the sound) every once in a while. They want me to stop practicing music in any manner which is audible to them, unless all 3 of them are gone at the same time.",yta
"AITA My roommate is mad I won't go grocery shopping
I (19F), rent a 2 bedroom, 1.5 bath that myself and my roommate (20F) who we'll call Sarah, share. To start the story, Sarah and I have been friends since highschool and we graduated together. After graduation, she had a bad fall out with her parents and ran away to a different state with another family member. We started talking again and she needed a place to stay for awhile while the person she was living with found a new place for them. I went and got her and her stuff because I hate to see people suffer under the guise it would only be a couple weeks. After that time frame the person she was living with ended up ghosting her and she had to stay with me. We were both living with my grandma at the time so I got us into an apartment so that my grandma could have her home back. The down payment on the apartment was $1400 and monthly rent is $1120 (On top of my car note, utilities, and insurance). I was fine paying the first couple months while she found a job but the start date was back in April. She has only had one job interview and it didn't go well. I have been struggling financially ever since and can barely afford anything, especially food. I was refused for Snap benefits and I don't have any food banks within an hour to me. I only make about $2600 a month and any change I can find helps. I have taken out small loans just to get money to eat but now all of my cards are overdrawn by hundreds. Sarah has begged me to go grocery shopping or get takeout every night but I can't afford to. She has resorted to passive aggressive remarks and making me feel like I'm not doing enough for the home when I'm the one paying for everything she uses. She takes multiple showers and baths a day, constantly takes my clothes out of my room, and also takes my toiletries. I'm trying so hard to make it work but I feel alone here. I've resorted to actively starving myself until I go to my boyfriend's every other weekend that I'm not on call for work just so her, my dog, and my crested geckos, that I had before her, can eat. I keep telling her that I'll go shopping when I get money but I haven't been grocery shopping in months. So please, AITA?",yta
"AITA for gatekeeping my tailor from my cousin and aunt?
Hi, this sounds stupid and so unimportant but I still wanted to ask. So for the longest time my mom and I, and her sisters and their daughters (my cousins) had gone to a specific tailor. I'm not even sure when we started going there, I just remember him being our tailor for as long as I can remember as a kid. A while ago I just felt like his stitching left a little to be desired. It was essentially old fashioned, the sleeves, the necklines, even sometimes the embroidery. He's a good tailor and I have so much respect for him but it just felt like I had outgrown him.

My best friend had me try her tailor and it just worked. I was very happy with the results, I tried him a couple of more times and eventually just made him my go-to guy, and even took my mom there. He just gets what I need.

One of my cousins had asked me on a few occasions about my dresses while complimenting them and I had lied and said they're ready-made. Yesterday however, we were at a family gathering and my husbamd unfortunately said while making a joke about how Master (the tailor) versus him would be a tough choice if it came to saving one. My cousin noticed that and pieced it together. Later, she confronted me about it, and I admitted that I'd moved to a new tailor a while ago. She then asked if the dress I was wearing was in fact ready-made like I had said, or stitched and I admitted it was stitched. She said I should have told her all the times she had previously asked, basically that it was an AH move of me to gatekeep. Was I TA?",yta
"AITA for being hurt my friend didn’t stay at my house?
I’m a recent empty nester and adjusting to being alone in the house. I have raised my only child as a single parent to adulthood, so it’s a huge transition.

Before my daughter moved away for school, I rented out my basement suite to a nice couple, and that’s been helping me feel less alone — just knowing there are others in the house. But they are away for 10 days now, so I’ve let a few people know I don’t feel comfortable on my own and would love a visit while the tenants are gone.

One of these people is one of my oldest and closest friends (30+ year friendship), who now lives a couple hours away.

When we were chatting yesterday, she told me she’s in my town this week. But, she is staying with an acquaintance who is training her to be a salesperson for her own business. I mentioned on the phone at the time that I wished she was staying longer, and would stay with me a night or two. She didn’t reply, so we continued the conversation and I didn’t press further.

Am I the asshole for feeling hurt that she chose to come during the timeframe I was hoping for company, but didn’t stay with me? I’m pretty independent and not typically a needy person, so sharing vulnerability is new to me, and I’m learning to ask for what I need. So far this has been a bit disappointing.

EDIT: Yes, I had mentioned wanting a visit to my friend prior to the phone convo. And no, she is not visiting me while she is in town. Friend is unemployed and trying out a potential new venture. I do have pets, work and social outlets, I just don’t like being alone at home at night while the tenants are away.",yta
"AITA for not wanting to babysit my little brother after already saying yes?
Okay so this is kinda complicated because my parents are divorced.

I’m 19 and I have a little brother who’s 2. He’s from my dad’s side. I love my brother, this isn’t about not wanting to spend time with him, but I’m just not really into babysitting in general.
My dad asked me if I could pick my brother up from school/daycare on Thursday and babysit him. I said yes.

The problem is that my stepmom apparently doesn’t want me to pick him up because last time I was supposed to come, I cancelled a week in advance. ( this was a whole fight, just because i had to work the day i was supposed to babysit + i announched it a week in advance.)

So apparently she said I’m not allowed to pick him up anymore. But my dad asked me anyway, behind her back, and I said yes.

Now my mom knows about the whole situation and she told me I shouldn’t go. She even said she’d give me €500 if I don’t go, which obviously sounds VERY tempting lol.

But now I’m stuck because if I go, my mom is probably gonna call my dad and get really mad at him, and if I don’t go, my dad is definitely gonna be pissed at me because I already said yes.

I also don’t want to be dragged into their drama because technically I didn’t even know I wasn’t supposed to pick him up when my dad asked me.
I feel like whatever I do, someone is gonna be angry at me

So what would you guys do? Would you go because you already said yes, or cancel and take the €500?
Edit: I’m not saying I don’t love my brother or don’t want to help with him. I just don’t want to be put in the middle of my parents’/stepparents’ arguments.",yta
"AITA for being pissed at my someone because they turned off my alarm
I pulled an all-nighter the other night, so yesterday at around 5-6 PM I set a twenty minute timer so that I could take a nap because I was exhausted and he turned it off.. because of my brother I missed like half of my usual day. (On a Sunday btw so I had school in the morning therefore definitely not wanting to go to sleep at 6 PM) If you don’t think this is that bad, I also had homework to do and missed dinner.",yta
"AITA for being snide with my coworker to end an awkward conversation?
This story involves me (28M), coworker C (28F) and date D (20'sF).

C fancies herself a great matchmaker; both her cousin and a friend met their current partners through her. So when she offered to set me up with a acquaintance I was genuinely interested. She said we would make a great match.

We weren't. Within half an hour of my date with D I could tell this wouldn't go anywhere. A sample of D's interests, which she talked about with great enthusiasm:

True crime, with which I have ethical qualms

Celeb gossip, which I find vapid

Astrology, which I think is pseudoscience for self-absorbed people

I'm not denigrating these things to offend anyone here, I'm just phrasing it harshly to demonstrate that if I D and I were to date my only options would be to a) lie about my disdain for her interests forever or b) offend her. I chose instead to sit out the date while keeping my opinions to myself and sending her the ol' 'didn't feel the spark' text when I was home. She seemingly took it in stride. If you think I'm the AH for any of this that's fine, but it's not what I'm posting about

Next monday at work C wanted to talk. She said D had enjoyed herself and that she was upset that I'd declined a 2nd date. Apparently I was the 3rd guy in short time that had broken it off; the others had hit it and quit it so C had set us up with the promise we'd be great together but now I didn't even bother to hit it. D was seriously asking C whether there was something wrong with her she couldn't see.

C said she wasn't pushing me to give D another chance, but she just wanted to know why I was turned off D, so she could give her some pointers. I said D was fine and there wasn't anything wrong with her but there was just no chemistry. Dating is a numbers game and she just needed to keep at it, but C wouldn't let up. She said if it was just lack of chemistry I could have at least taken her on one more date before ending it and the fact that I didn't consider it proves there was something.

She kept asking and I felt kinda cornered. Because it was C asking, and not D, 1) I wasn't sure if D actually requested this info and 2) I couldn't tell C the truth, at least the whole truth, without insulting D to her friend. More pertinently for my judgement if she'd asked me to elaborate I'd have to explain that yes I really do hate astrology etc. enough that I would turn down an otherwise fine lady over it and I really don't need that info going around the office.

So I went on offensive and asked C directly: ""Did D actually ask you to interrogate me or are you just upset you're not the matchmaker you thought you were?"" She got defensive but I refused to engage anymore. She was pretty upset with me all week and I do feel like there was a better way to handle it, I just couldn't think of it in the moment. Simultaneously I still think she shouldn't have been prying in the first place, whether on D's behalf or no.

So AITA?",yta
"AITA for using scented candles in my room even though scents give one of my roommates headaches?
I (21F) live in a large house with 14 other roommates (not a sorority, just a good community and great rent). Each of us has our own separate rooms, with 2-3 girls to a bathroom each. I‘ve lived in this house for two years, going on three, and I know for a fact that the girls use candles and room scents all the time - but I have never smelled them from outside of their rooms. This is where my issue comes in. Last year, a new girl moved into one of the rooms next to mine (not directly next to, nor is it across the hall, but diagonal from me). She complained about how strong my scented air freshener was for my room (which i thought was a bit odd, since I hardly ever leave my door open, and I could never smell it through the door), but thought nothing of it and obliged as the strong scent caused her headaches. A few days later, however, she came back to my room, knocking on my door and asking me to turn off my candle warmer as the “scented candle was giving her a headache now too”. I had the windows open, door closed, and the candle was warming next to my bed, furthest away from the door. I always make sure to never use scents in our shared bathroom, and I did stop using my candle warmer all of last year. My question is, would I be in the wrong to use my candle warmer, in the room I pay for, if it can be smelled by others? I’ve honestly never smelt anything from behind the closed doors in this house, so I’m not sure.",yta
"AITA for not sending money to my parents?

I’m the oldest of 8 children, and I always try to help my family financially. But I’m struggling too. I work two jobs and weekends just to pay rent, bills, food, transportation, and school expenses while keeping my grades up because I have to maintain a certain grade to keep my scholarship.

I’ve also borrowed a lot of money from my girlfriend. She keeps telling me, “Don’t think about it. I’m not going to ask for it back. Just consider it a gift.” Her family is financially stable, but the amount is honestly huge, and I still feel terrible about it.

Because I’ve been so desperate for money, I’ve also resorted to s e x w o r k twice. I deeply regret it and don’t want to do it again. One time was because I needed money for a required school field trip, and missing it would have meant getting a 0/150.

Recently, I called my parents and told them I might not be able to send money this time. They responded, “If it weren’t for us, you wouldn’t be alive.”

I know I should be grateful for everything they’ve done for me, but I’m exhausted. I want to finish school, pay my bills, and eventually become financially independent.

I’m not refusing to help because I don’t care about my family. I genuinely just can’t afford it right now.

AITA?",yta
"AITA for saying I liked my son's last boyfriend so much better?
My oldest son Barry ( just turned 16M) got himself a new boyfriend Trent (16M) after moping over his last boyfriend Bryan (17M) all summer. I don't really like Trent all that well. Over the two months they've been dating I've just found him obnoxious and annoying. He's barley a C student and is in some silly going nowhere band. Is literally always over our house and stanks of weed and his clothes are always ratty looking.

We had one of my nephew's bar mitzvah yesterday and of course Barry snuck Trent in even though Barry knew I didn't want him there. I caught them smoking in Trent's car during the party and I got mad and I made Trent go home. I yelled at Barry asking him what was he thinking and how could he be with such a boy like that. I told him I liked Bryan soooi much better he was nice ,got good grades , and they're both on the baseball team and he was respectful. That Bryan would never pull a stunt like that.

He yells at me crying that I dont know anything that Bryan was a dick and a bully who constantly pressured him when he wasnt ready and then cheated and dumped him. That Trent was a great guy and I didn't even give Trent a chance and I didn't know anything about him. I tried to apologize but he wouldn't talk to me.",yta
"WIBTA if I request a handicap placard for my girlfriend?
My girlfriend needs a wheelchair if the distance to walk is more than about 100 yards/meters. I would like to get a placard to park in handicap spots, but she thinks this is unnecessary because she'll likely need the wheelchair anyway and we'd just be taking away a spot from someone who needs it. I don't disagree, but I also think we can mostly use the wheelchair while having the placard available as a backup if needed.

I'd really appreciate some feedback. We're seeing her endocrinologist later today. He'd be able to perscribe a handicap placard if requested. I'm trying to figure out if I should request it.

Edit: thank you for the feedback everyone. I will encourage her to request a placard as a backup, but I'll totally accept if she doesn't.

Second edit: I realized a day after posting that our boyfriend also qualifies for a handicap placard. He used to have one but it expired when he stopped driving ten years ago. I spoke to him, and he's calling his doctor to request one. So our family will have a placard available without bothering GF about it.",yta
"AITA for using my partner’s birthday to invite my family to our apartment?
I (35M) and my partner (37M) are both immigrants from a conservative country. We are closeted gay men because our families are traditional and religious. We moved abroad hoping to eventually have the freedom to live openly and build a life of our own.

I arrived first as the primary visa applicant. My first month was extremely difficult. I was alone, struggled with the language, worked remotely, and couldn't find an apartment due to a housing crisis. I ended up in a hostel for almost a month.

My mom told me her cousin's family lived in the same city and connected us. I had never met them, but they welcomed me and helped with almost everything: banking, insurance, government appointments, paperwork, and translation. They became my support system when I had no one.

When my partner arrived, our apartment wasn't ready, so we stayed with them for a week. We introduced him as my coworker and friend and paid rent.

My partner had lived abroad before and warned me to be careful around people from our home country because of conservative attitudes and potential judgment. He reminded me of our reasons for migrating and shouldn't automatically trust even family with our relationship. I agreed.

Eventually, we moved into our apartment. I hadn't seen my relatives since. Recently, my mom told me my aunt had been asking about us and wanted to visit.
When we visited her, I impulsively told her that my ""friend"" was having a birthday the following week and invited them over. They were excited and offered to help with the cooking. I scheduled it for the Sunday of that week, not his actual birthday.

My partner was upset because I didn't consult him. He said it was too sudden and that we'd have to pretend again in our own home. We'd even need to arrange the second bedroom to make it look like we're sleeping separately.

I understand his point. Our home should be our safe space, and I shouldn't have invited people over without discussing it with him.

But I also saw this as an opportunity for my partner to get to know my relatives and for us to build something resembling a family here. Both our families are far away, and these people were there for me when I was completely alone. They helped me settle into the country and are a big reason I got through that difficult period.
I also thought his birthday would give them a natural opportunity to get to know him better, with him being the focus of the gathering.

I apologized for not consulting him, but I feel like he's overreacting somewhat. He pointed out that we paid rent while staying with my relatives, which is true, but this isn't about money. They helped me when I desperately needed someone, and I feel genuinely grateful to them. Without their help, we wouldn’t be here in the first place.

Now the date is already set. I don't want to violate my partner's boundaries or make him uncomfortable in our home, but I also don't want to reject people who genuinely helped us.
So, am I an asshole for doing this?",yta
"AITA for tell off my best friend after his GF is trying to manipulate our friendship?
Me(M32) and my best friend (M33) we have been best friends for 7 years, at this point of our Lives we see ourselves as brothers, I'm gay and he is straight, there is always this Mutual respect and my we keep our friendship healthy and strong.

We always try to hang out every weekend but 5 months ago he started dating with this girl, when i met her she was lovely, we went out together like twice, 3 months ago I invited them for my​ BD party and we were having fun, until my friend asked about a guy i met online, at that moment she said that she did not know that i'm gay​​​, since then, every time i tried to hang out with him, she was inviting her self, dismissing my ideas like this time i wanted to go to the flower nursery because i like flowers and i wanted to buy some, she said that she wanted to go to the cinema to watch this film she has been waiting for, my friend said that it was a nice idea, so i HAD to agreed, she did this plenty of times, there wasnt anymore such a thing like a night out only with my friend, she was always there, till one day i was talking to his sister and i tell her what was happening, and she told me that she doesnt like me, she has heard how she said that she is worried about how i talk to him and how much i wanna see him, like i might be in love With him, when i heard that i was like ""bruh"".

Yesterday he sent me a message saying if i wanna go to this bar and i said yes, and guess what, when i arrived to the bar, she was with him there, i got a little upset but it is what it is, we had a few drinks and i said i wanted to walk at the city park and asap I said that she said that instead we should go to thi other bar where her friends are, at that moment my blood was boiling and i said to her why she is alwayd a C*nt?, when my friend asked what do i mean, i explain to him everything that i wrote here, it has been a long since the last time we had OUR time, i tried to talk about personal stuff but i cant because she is there, dissmising everything i say, if i say that the sky is blue, she says that is green and he agreeds with her, he said that he understand but she is his gf, and she deserve respect, when i heard that the only thing crossed my mind is to leave, so am i wrong? ​​​",esh
"AITA for telling my sister she doesnt get to gatekeep Autism

For context, my sister and I have always had a turbulent relationship. Growing up, she was considered the brilliant one, while I was the loudmouth younger sibling. That wasn’t just how others saw us—it was how our parents treated us too.

My sister is extremely charismatic, and as we grew up, I think that contributed to her developing a strong sense of entitlement. She has always had people around her reinforcing that she is right, while validating her whenever she plays the self-defeating card that gets her other people’s time, energy, and money whenever she needs it. Please don’t misunderstand me: I idolized my sister growing up. She knew that and often exploited it, while putting me back in whatever place she felt I belonged. She did this most often by interfering with my relationships.

For example, she became friends with someone, I eventually started datinh them, and then she immediately refused to have anything to do with either of us while we were together. In that particular case, I eventually left the man because he was abusive. Afterward, my sister and her husband welcomed him back and were suddenly best friends with him again.

That same man later emptied our shared bank account, leaving me with nothing. My sister’s husband still accepted my exes offer to take him out for a night on the town, knowing the money being spent was essentially mine. There are many more examples, but I’ll leave it there.

Eventually, my sister tried this with my husband. What she wasn’t used to was me having someone loyal to me. My husband told me what she had been saying and doing, and I ultimately stopped speaking to her. Later, my husband and her husband got into an argument over something my husband had said regarding the situation. My husband is autistic and has always struggled with communication. He tends to say the quiet part out loud, has difficulty reading a room, and doesn’t always understand how something he says will be perceived socially.

While I was trying to smooth things over between them, I explained that my husband simply isn’t the best communicator and that everyone who knows him understands this. I also mentioned that his autism contributes to some of his difficulty navigating social situations.

One of my nieces is also autistic, with more significant challenges than my husband. My sister apparently took this as an opportunity to question whether my husband was actually autistic at all. She demanded to see his official diagnosis because she was no longer certain he was autistic.

I told her that just because autism runs in our family and she has an autistic child does not give her the right to gatekeep someone else’s diagnosis or demand access to his private medical information. So, AITA?",esh
"AITA for telling my business partner that what happens in ""his separate company"" is my business?
Some context on the structure, because it matters. I (26M) work for a private equity firm (I'll call us ""Capital"") that recently bought and co-runs a manufacturing company 50/50 with another firm (""Ops Co.""). The split of duties: Ops Co. runs day-to-day operations/production, and we handle accounting, finance, management, strategy, and growth for the shared company.

The shared company's financials are, frankly, bad... it's not in a state where a bank would lend money to it at face value. So for weeks my team has been doing the work to fix that: building a business plan, prepping projections, and meeting with banks to line up financing, trying to get them to bet on our ""future"" instead of our past (this is called ""roadshowing""). One bank was very interested and we were deep in conversation with them.

Here's where it went sideways. Ops Co., on their own, walked into that same bank and applied for a loan for their company, without telling us. Because banks generally assign one banker per corporate group, our whole relationship got reassigned to a different banker who had none of the context, business plan, or prep work we'd built. That new banker looked at the raw (bad) financials and denied the application almost immediately. So now there's a rejection on record at the one bank that was actually interested.

I was angry and told their operations manager (34M) that these things need to be communicated, and that this is why we always communicate them when we're doing similar moves. They were aware of the roadshow, and fully involved in the process. He got defensive and said the two firms are completely separate entities, and asked me point blank why he has to tell me everything that goes on at a his company, before suggesting we ""just approach other banks, as there are plenty of banks"".

I told him it matters because what happens at his company directly and massively affects the shared project, it does matter a whole deal. I explained to him I'm not particularly interested in what he does with his company; he could commit tax fraud for all I care, but I have to be on the loop to be able to strategize around whatever he does because the shared project gets affected. It escalated from there and things got heated.

I know I let it get heated instead of keeping it calm, and I came in leading with blame rather than fixing the problem, so regardless of what the veredict is, I'll apologise, but to for my knowledge, AITA?

Edit: I appreciate people telling me to look for legal advice. I know where things stand legally, what I'm curious about is what outsiders think about the whole situation on a vaccumm.",esh
"AITA for not helping my friend when she was caught for being high, even though it was my fault?
So, we both in high school and teens. We get high together, like we've been high.

Now, I made edible gummies for the friend group. Basically each one gets 3 gummies, now my friend has s low ass tolerance so obviously we were gonna give her the edibles after school.

But she was nagging and upset that we baby her, and how she will miss out on being high with us. After all of that, we finally gave her the gummies and told her she's on her own if she gets caught, because she is stubborn and doesn't want to listen. She agreed that she's on her own. We gave her 1 gummy and were gonna give the 2 after school, while we took our 3 each.

The gummies kicked in, and we were high. It was pretty chill, now we were in class and she was acting out mad. Like she had it obvious that she was high as a kite. This girl was laughing at everything, yelling and kept asking people if her eyes were red.

Obviously she got caught, and the teacher was questioning her. I would have went to help her, but my eyes were red too and I was way in the back hiding. My friends were hiding too cause our eyes were red as hell.

After school, she came up to us three and was pissed that we didn't help her when she got caught, like dude. We all were high as hell. She had 1 gummy while we had 3, our eyes were red as hell, we had heavy eyeballs and everything was euphoric. Last thing we need is to get in trouble.

But she's still pissed at us for not helping her out, and how were we even going to bail her out? She agreed to be on her own for that and nagged us to give her the gummy.

Incase of worrying, we are not lackers or failers. And my three friends are actually good in school and get great grades.

P.S it was not normal school, it was a event day where there was no learning or anything. There was a whole festival thing planned, we were in class to for register.

Guys, I am not a addic, i get once or twice every few months. I don't get high everyday or every week, it's rare for me to get high.",esh
"AITA for not wanting my mum around my child?
AITA- Around a year and a half ago my younger brother hit the age of his teens where he thinks he is better than everyone and doesn’t have to listen. His one and only chore around the house is to clean out the cat litter trays so the cats can obviously use them but he always leaves them until they’re completely full and the cats start going toilet around the house. My mum always takes his side as he’s the youngest and says that I need to not tell him what to do as I’m not his parent. One day the cats decided to poop on the bath mat outside the shower since the litter is full so I decided to move that bath mat out side of his bedroom door rather then where everyone has to shower so maybe he will decide to finally clean it, instead he picked it up and threw it and made it stick to my bedroom door. When I complained to my mum it was my fault and I didn’t want to clean it she says I’m being disrespectful and decides to kick me and my girlfriend out of the house with no notice saying she’s gonna call the police and have me removed if I’m not out by tomorrow. For a while I was living with my friend which was good but about a year later my mum got a job opportunity and had to move away for work and offered a bedroom at home with just me, my gf, my brother, my sister and her bf. I made the choice to go back because we found out that my girlfriend is pregnant and it would be easier if we were in a familiar environment and admittedly the house and room was in better condition. Recently my brother has still only got the cat litter as a job but still won’t empty it. He refuses to go to school or clean his room even if my mum tells him to do so. The cat litter smell starts to spread through the house and they will pee and poo outside his door and he’ll simply walk over it. With my gf being pregnant it’s clearly not a nice environment to live in and it would be good if it could get cleaned. I ask my mum if she can get him to do it but she says she can’t because she’s living away for work but also we at the house can’t do anything because “we aren’t his parents”
My girlfriend will regularly clean the whole house just not his room or the cat litter. His room has been filled with bowls and plates which have food and have started to grow mould for around a month now and my mum still says there is nothing we or her can do about it and when I tell her she definitely could but she just allows him to treat her badly she flips it on me and threatens to kick us out when we really have nowhere to go and my girlfriend is 18 weeks pregnant is it wrong if I really don’t want her having much to do with my baby when she makes us both stress so much constantly about having nowhere to live please I need some opinions and help this is also my first post so I don’t know if this is right or wrong and I’ll give any context that is asked for but please please I need help.",esh
"AITA for slipping up in my college class
It’s my first week of college and my professor and I are not getting along .the first day at the end of the lecture I casually said I know quite a bit of this, but I’m excited to learn as I still learned a decent bit here today,
The professor then went on an email to my parents writing I was with a rude attitude and shouldn’t talk myself up like that (he later said to me I gave him the fu*k you eyes, when I did no such thing and simply looked at him when he was speaking)

The next day, everything is going normal in class I am asking questions and participating the occasional glance at my phone to check what dinged or just a glance at the time, towards the end he mentioned we would have a quiz tomorrow and was discussing it for 10 odd minutes with the class right as classes as dismissed, I quickly double check for my own piece of mind “quiz tomorrow right?”,
he asked me to stay after classand opens with,

this is where your fu*king starting to piss me the fuck off (yes he did swear at me) you clearly saw us talking about the lesson and I saw you looking at your phone (mind you it was a split second for a time check) then he continues with I think your issue is you don’t know how to handle your emotions and how you act around people do you even wanna be in this class? I left college and found a shitty job at Starbucks. It taught me a lot about how to deal with people and also that if it’s a mental issue, I should tell him so I can make treat it differently.,

at this point I just said I won’t do it again and we will do better because I didn’t want to upset him anymore, but I felt that was extremely out of line to swear at me and do all of this just for a quick double check because I didn’t pay attention good enough to his standards even though I knew just wanted a quick double check for my own peace of mind

thanks for reading my post

EDIT: I am aware that I was rude and looking at my phone and I recognize that and I did speak with him personally and told him I would not do it again, but there is no need to swear at me. And this was a big heat of the moment post. I will clarify that he emailed administration about this and then administration emailed my parent",esh
"AITA for not letting my wife take a bite of my burger?
We ate at McDonald’s. I ordered a Quarter Pounder, my wife got a chicken burger, and we also shared 9-piece nuggets with fries and drinks.

While we were eating, she asked if she could have a bite of my burger to taste it. She then offered to let me have a bite of her chicken burger in exchange. I declined because I don’t really like her burger and said, “My order, my burger.” Honestly, I don’t like her chicken burger and just didn’t want her to taste my burger at that moment.

She got really upset about it and has been giving me the silent treatment since.",esh
"AITA for backing out of giving someone 120 mile lift?
Basically someone needs help to go out and meet with someone regarding their dog going to daycare

At first I agreed stupidly but.....

The person asking for a lift hasn't offered petrol money or anything when i live quite a bit away already . Imo they just expect to be chauffeured around the place while taking advantage of people to soft to say no too.

When ive told them hang a minute, I dont want to give up my Sunday for this and all the miles wear and tear on my car.

They've flew off the handle with me.

This person doesnt drive and says they have no one else to help them with it.

I do feel bad for them slightly but ive decided its not my problem so AITA",esh
"AITA for saying it’s not my house?
AITA for saying it’s not my house? My kids and I have been staying at my niece and nephew’s house since July because my landlord sold my house and I don’t have a job to get another one. It was originally so I could help them with their kids (4 under 5 years with 2 less than a year). My nephew drives for work and was getting very little sleep. Also my niece needed to get a knee replacement and needed help getting her house in order.

Back story: I threw out my back 4 years ago and have been in constant pain since. Even had surgery to fix it but nothing has worked.

Anyway I have been busting my butt every day to do what I can to help which includes watching kids, cooking, cleaning, laundry, getting them up in the mornings, getting their kids ready for school, taking kids to school, and anything else that has been asked of me.

My niece had her surgery last month and is now almost a month post op. She’s doing great but has had some set backs.

I mentioned to my nephew that there were ants in the kitchen and the ant killer needed to be used. He got annoyed at me and told his wife that I was talking to him like he was my husband. Then I heard him say under his breath “why should I have to do it”. I was honestly shocked. It’s his house. Not mine! Is this now another chore that I am responsible for? I don’t think it should be. When I mentioned the conversation to my niece she felt that yes I should do it. And I told her it’s not my house. This should not be my job.

Now she’s mad at me and saying my job is to help with babies only… am I the a-hole?",esh
"AITA for asking my friend for context on their hour long conversation in our server
so basically me and my friends have a server together and we all talk about things in general and sometimes those conversations get really long. And with long conversations in a group friend server comes people who just don't really want to read all of the message history to get caught up. And I am one of those people, so i came in general and asked a simple question like ""What's happening"" and my other friend who we will call josh says ""you have a brain and eyes you can go read"". After josh says this I respond with ""I don't really want to go back and read it"" then josh responds with ""then just fuck off because this clearly doesn't involve you"". AITA?",esh
"AITA for wanting less favors from my family?
I (17m) have been gaining my independence to move into adulthood since I turn 18 in less than 4 months. I do chores around the house, help out when I can, and have a job. I try to suck it up when I have to do chores or favors for no thanks in return because I don’t want to seem like a brat. But lately I’ve been overwhelmed with school affecting my job life and home life. So I started zoning out of doing unnecessary favors from my father or little siblings (11m and 11f) . I care for my sibling as much as my parents do and cool half of the time due to scheduling.

I told off my father because he wanted me to feed his hummingbirds and his hobby as well as clean my siblings messes up since it’s not my responsibility and he woke me up from a nap to do so. I struggled to get sleep the night prior.

My father responded with yelling and accusations of laziness and failure. I love my family but I feel unseen by them and unappreciated for what I do. But I think I’m going overboard with my refusal and my outlook on favors.

A similar instance happened over the summer where I was woken up from a deep nap to help move something my grandmother needed help with, then my father wanted help with something. I wasn’t given a thanks and it hurt me so I said “What would you guys do without me?” Due to how much I do for them. For my father’s response to be; “We wouldn’t struggle at all without you, don’t be so prideful”.",esh
"AITA for considering not paying my former roommate €700 in unpaid bills?
I recently moved out of an apartment in Italy where I lived for about a year with two other roommates.

The rental contract was only in one roommate’s name. I was basically not officially registered as a tenant, and we paid rent and bills directly to her. She was essentially the person in charge of the apartment and decided who lived there. We always suspected she had some kind of family/personal relationship with the owner, although I don’t know the details.

She also barely worked during most of the time I lived there. She worked part-time at a bar and occasionally did freelance/event stuff, so we assumed she had financial support from somewhere.

For most of the year she was a pretty terrible roommate. Her ex boyfriend used to smoke and use cocaine inside, have sex and scream until 3am, random creeps would show up at the apartment till late, her food was left in the kitchen for weeks, her dog would get into the trash and shit because she forgot she had him, etc. I can go on. The other roommate and I ended up cleaning her mess for months. (I did have to wake up 7am and return 9pm if things go well at my job)

Eventually all three of us sent her messages asking her to change her behavior. She got angry about it. A few weeks later I went back to my home country for a three-week vacation. While I was away, she posted on Instagram that both our rooms were available for new tenants starting around the time I was supposed to return. I told my other roommate to make sure nobody moved my belongings while I was gone. Nothing ultimately happened and she backed down.

Things improved somewhat afterwards, and eventually the apartment became tolerable.

NOW THE PROBLEM:

She hadn’t been paying/sending us the utility bills properly. The last bill I personally paid was in February. We asked her twice about the missing bills, but she never sent them, so eventually we stopped asking. Apparently things got pretty serious and the building was at risk of having its water cut off because of unpaid bills.

Then, about two weeks before I moved out, she suddenly sent us all the accumulated bills at once. I apparently owe around €700.

I told her this was handled terribly. If she had sent me the bills every month, I would have paid them every month and now its a big expense I didnt expect for.

The timing is also terrible for me. I’m leaving Italy without a job lined up, and I’ve already paid for flights home, moving expenses, a long-planned trip through Europe, taxes related to my self-employed work in Italy, etc. Most of my liquid savings are already committed.

I know I used the utilities, so I don’t want to pretend I don’t owe my share. But €700 is a huge amount for me right now, and I’m seriously considering telling her I can’t pay until I have an income again.

My other roommate actually told me I should just block her and not pay, and he’s completely fine with me doing that. Edit: he still lives there and hates her with all his soul so I figured

So now I’m genuinely considering blocking her number and walking away from the whole thing.",esh
"AITAH for refusing to go out to somewhere my aunt always wanted to go ?
idk how to begin this but , i stay in my room a lot for studies , not going out or anything since i dont get taken along with , i wanted to go to this place , where she has been for a lot many times , and when my family finally wanted to take me along , even my mother went, she refused saying there is no space in the car even though they were 4 adults only. it was way long ago and i told my uncle that can we please go out and same with my mother, but studies just so important , i just too want to live that lil normal life hanging out , so uncle asked do you want to go at xyz or at abc place , my aunt always wanted to go at the xyz place and she knew i had been so venting about i feel suffocated at home atleast sometimes take me out ?

i refused stating ""i dont want to go please leave me at home and ill be fine with that"" but idk how it affected my aunt that the place orignally abc where we were supposed to go i was asked to get ready 2 days prior that we would be going here , and then the plan changes to go to xyz place big aunt wants to go , in kitchen my uncle said that we would go to that place its gonna be good even when i have been there already and everytime going out out its some religious place like nothing else , the entire family can go on movies , hangouts , travelling to places,

i told my uncle that "" why do we always go to big aunts wish , i too want to go somewhere ?"" he said hm and left , i think my big aunt heard it and then around at 2 pm when uncle said get ready we are going to abc my big aunt refused saying she didnt feel like coming along and would stay at home , and in the end now none of us are going , my uncle just refused that he doesnt want to go and thats just , was i an asshole to refuse to go in the morning ?",esh
"AITA for making fun of a dude wanting to go into private equity?
i was on a random discord call last night and met this random dude who seemed kind of lackluster. he wasn’t very good at speaking and didn’t really give much of an opinion on anything we talked about.

after an hour or so it switched to college and job talks, so everyone in the call began speaking about what they were studying or working as. my boyfriend told him he graduated in compsci and the random guy immediately criticized my boyfriends major and the job he has. so then of course he was asked what he did, he said he “just started” community college and was planning on going into the military. his main goal was to go to princeton university and get a job being a vp of a private equity firm.

later on he began ridiculing me for currently not being in uni or having a job (im about to travel) so i started to ask him basic math questions in order to see how “intelligent” he was based off of him saying he was extremely smart.

he couldn’t answer a single one correctly, so i just straight up told him there was absolutely no way he was getting into princeton, let alone becoming a vice president of a private equity firm.

now heres the part where i might have gone a bit overboard. i told him he was never going to be anything and he was most likely going to be a disabled veteran on the street after serving the in the us military.

a day later and i kind of feel bad for saying that, did he deserve it?",esh
"AITA for leaving a big group after a long week?
I had an extremely long week. On Friday, me and my friend sat with a big group at lunch, and I was getting so stressed because I was working on an English paper. I had 3 people screaming at me being rude and one shoving a phone in my face, so I moved far away. Since I’m the “funny friend” they thought I was joking, so 4 people start taking pictures of me and one has my phone and won’t give it back. Everyone screaming at me and taking pictures goes on for two minutes.

On Saturday, I had a “birthday party” (which was just a hangout no bday celebration with
~10 people
We start going into Hollister, Garage, Sephora, etc. I separate myself because 1. I have no money 2. I dress MUCH different to the other people. I wear baggy boy clothes. So, obviously I’m not going to get anything or have any interest. After 30 minutes of hopping from store to store, I get tired. My social battery dies and I didn’t want to get burdened with a bunch of “are you ok”’s because that was the one day I couldn’t slap on a smile and pretend I was. I walked away for the first time and people kept calling me, so I went back. ~2 of the people actually spoke to me during this whole thing, not even the bday girl who is my best friend. And, I wasn’t going to say “Hey, I’m the only one who doesn’t enjoy this so let’s leave” It was her birthday and she deserved to go to the stores she wanted to with all of her friends who wanted to. This cycle of me getting overwhelmed and disappearing repeated many times. I would leave until someone called me.
I cried atleast 3 times in that mall and atleast 3 times when I got home because of how bad of a time I was having. I felt like such a black sheep and considered changing how I looked to actually feel apart of something. Almost every time I left, I would bawl my eyes out and would come back to everyone laughing. I’m so glad everyone had fun, I just didn’t. The one thing that went right is when one of the friends who were taking pictures of me on Friday tried to stay with me the whole time because she as well wasn’t having a good time and said she knew something was wrong. Since I had no food, she shared her food with me. It was the nicest thing anyone’s done for me. At the end, I’m pretty sure they all made an inside joke without me and the friend who cared included.

When I got home, I was beyond relived. Then, my friend texts me if I was ok because she didn’t want to ask in front of everyone. I told her what was wrong and she said she understood. Then she texts me saying I should apologize to the bday girl. ”I confused her, I was leaving her to figure it out and she was hurt.” She never once called me or spoke to me that whole time. No one cared for me, and everyone wants me to apologize. It’s embarrassing for me to admit that I can’t handle a small party like that and I didn’t want to have to. I should’ve said where I was going, but I would’ve started crying and I didn’t want to have to explain that, I already was the black sheep.",esh
"AITA for telling a friend why we don’t invite her out anymore?
A few months ago a new girl started tagging along with my friend group (Mia 32F). She’s a nice enough person so we all didn’t have a problem with it at first. Then we decided to watch a movie together. And Mia talked through the entire thing. She kept a running commentary going through the whole movie. She would mention plot holes, trivia about the actors, just general nonsense. We were watching the movie on streaming at someone’s house so it was annoying but we all got over it.

Then we went to see the Odysee in IMAX. And she kept whispering to me the entire movie. Like a full on running commentary about every little difference there was between the poem and the movie, fun facts about Matt Damon, basically didn’t shut up the entire movie. I had been sitting next to her and I asked her to be quiet a few times but she didn’t seem to get the message.

A few weeks later a friend said he got tickets to see “Something Rotten” which is a musical. Someone else said “don’t invite Mia”. So we created a second group chat without Mia to coordinate that show. We went without Mia and had a good time.

The next time we were going to do a movie night at someone’s home, we again didn’t invite Mia. We invited her to a boating day we did so it wasn’t like we were excluding her from everything.

Last week the non- Mia group chat decided to go see Rock of Ages at the theater where I work and asked if I could get them a deal on tickets. Mia apparently found out about this get together and called me to ask why we hadn’t invited her.

I decided to be blunt and told her “because you won’t shut up when we’re watching stuff”. Mia seemed to get offended and apparently went to the rest of my friend group to get the truth. Some told her straight up why and others either left her on read or lied about the plans.

Now my friend group is divided. Some think it was right to tell Mia the truth, while others think that we should have lied to spare her feelings. Nobody wants to invite her to the show (which they are coming to tonight without Mia) though.

So AITA?",esh
"WIBTAH if I make my friend pay me back for our cruise
Back in May my friend told me she got an offer for a free cruise, she just had to pay taxes, which was only $300. So I told her I would pay that for her to get a cruise. She said I should join her.

I don’t know how cruises work.

So she said we would need the drink package. Then the WiFi package. Then excursions. I felt trapped into it and I paid for it.

We drove 15 hours to get to the port. I drove 10 of those hours, in my car. She did offer and paid for gas. But she can’t drive at night and gets freaked out in cities. My mom had offered to pay for us to have a flight and my friend didn’t want to fly. I ended up having to pay $300 for parking while we’re gone and $300 for a hotel.

We are now on the cruise. The excursions sucked, and now that I finally have access to the schedule, I’m seeing better excursions that she didn’t show me when booking. I had to sit on a boat for 4 hours and paid $200 just because it had an open bar. She had like 4 drinks. It was meant to be a snorkeling excursion and neither of us wanted to do it.

She wants us to do shots every night where you have to buy the shot glass. She bought the wrong WiFi package when she knew I would need to use my laptop for schoolwork. I’ve told her how much debt I’m in and that this is costing a lot more than expected. She didn’t seem to care.

Worst of all, is she now has a new girlfriend that she is on the phone with constantly. We have a shared room. She’s telling me to stay out longer so she can have phone sex. She just had phone sex in the bathroom (that you can hear everything from) while I was in bed. She stays up all night on the phone with her while I’m sleeping. I have not had a moment alone or of silence on this whole cruise.

I thought I was just offering a friend $300 so she could have a vacation. It’s ended up being over $3000. I had told her I could handle it and I can’t. I feel like shit asking for money knowing she’s living paycheck to paycheck. But all of this just doesn’t feel fair.",esh
"AITA for getting a tattoo without my family
So back in 2019 someone in my(28F) family passed away. I grew up closely with 2 other family members lets call them John(27M) and Harry(28M) who suggested we get matching tattoos in honor of our deceased relative. None of us had any and they thought it could be a bonding experience getting our first tattoos together. I agreed and was excited because Ive always wanted a tattoo.

Over the following 2 years I would pester them about scheduling an appointment with an artist or multiple that would be willing to take all 3 of us. I even offered to schedule with someone who had ties with our dead relative. They both lived 4 hours away but it shouldnt have been a problem as I would have taken time off work. But they never did and kept insisting they knew people near where they lived. There was even a time i went to go visit them and they said that they were going to schedule an appointment for that weekend, but because popular tattoo artists are already pretty booked it was even worse since we were deep in COVID times and they didnt attempt to make the appointment to an artist that we all knew would be booked out months later only days before. I was beyond frustrated because they acted so confident that theyd make it work somehow.

In 2021 i started dating my boyfriend. He would travel to the state over once every couple of months with his cousin to get tattoos from an artist he knew for a long time. Ive gone a couple of times, but towards the end of that year i was so fed up with John and Harry that i decided to get a tattoo.

2023 John sent a picture that he got the tattoo we were all supposed to get together. I guess there was some kind of tattoo event in town and he just took the opportunity. Harry got his the day after. I was seething because they decided to get it in the same spot so it was truly matching, but i didn’t agree to that part and didn’t like their placement. My bf and i were coincidentally already planning to visit his artist that weekend so i decided to also get mine but in the spot i originally planned. Except i decided not to tell them because it no longer had the meaning of our bond only the meaning for the deceased.

I kept it hidden until this year 2026. I just didnt care anymore. When they saw it they were shocked especially so when i told them when i got it and why i didnt tell them. Well we ended up going back and forth because i felt like i was rightfully upset about what John did and others agreed and John said he did it to get back at me for getting my first tattoo without them. He has never previously expressed he felt that way and actually complimented my tattoo when i got it, which makes me think he just said that to justify what he did. But it really did make me start to think maybe i should have waited. But was i really expected to wait for 4 years? Im positive that he would have taken the opportunity of the tattooing event regardless if i had my tattoo or not. But idk so im curious what other people think. AITA?",esh
"AITA for saying you can be a fan of something without being in a fandom?
(I'm new on reddit, English is not my first language and idk if this story is too silly, niche or unimportant, but it's driving me crazy). I (25m) was ghosted by my friend (25f) of over 6 years for telling her it's kinda crazy to believe you can't consider yourself, or identify as, a fan of something if you aren't in a fandom.

We were talking (by text) about how we've grown over the years, how dumb and childish I was at 18 and how she learned with life and changed her perspective about some things, and then I mentioned (thinking she would've had a change of mind about this) how it was funny, back then, that she believed you had to be in a fandom to call yourself a fan. Suddenly, she changed her tone and started arguing with me saying I was prejudiced and inconsiderate, saying I was afraid of community and how that proved I hadn't matured at all.

I was very surprised and responded, in a genuine way, with several clarifying and apologetic paragraphs. I basically said that I misread how important this matter was to her, that I respected her point of view, but that I, personally, thought her view was too strict, gatekeepy and a bit unreasonable. I have absolutely nothing against the idea of fandoms and I think one of the most important things that is lacking right now in most people is a sense of community. My intention was not to mock her or make her feel mocked. It also didn't come from a judgemental place (it's not that important of a matter to me and I don't think of her less for having that opinion, I just disagree and find it fascinating, because I never heard anybody have it), I was just referring to a difference of opinion we had several years ago, curious if she would look at it with a different lens.

She didn't open the DM's and she hasn't responded. After a couple of months I tried to talk, but she still didn't respond. We haven't talked since and we used to talk every day by DM...I'm aware she was more important to me than I was to her (at least I think that's the case), but it was a very important friendship to me and I thought its foundations were stronger than to crumble so easily like this. As I'm a man and she's a woman I feel that I need to clarify that I never looked at her as more than a friend and I never had other intentions, it was just a friend that I very much liked to talk to...

Is her opinion about being a fan the correct one? Was I too harsh? Was the ghosting deserved? I don't think I was harsh, but we are usually bad at self evaluating and usually blind to how inconsiderate and acerbic we sometimes are, so I don't know, maybe I'm the asshole.

Edit: I've now realized how the second paragraph can be misinterpreted, making this conversation seem like a reconnection from old friends, but no, it was just a random topic of conversation in our many conversations that week. As I said in another comment, we never stopped talking since we've known eachother and talked almost everyday. I clarified ""(by text)"" because, since finishing college, we don't live in the same area and always talk on DM's. It was just a random stupid thing I randomly remembered and then puff there goes that almost decade long friendship...

Edit 2: also also maybe it's cause I'm bad at math. We were friends since 2017, i don't know why I specifically put ""of over 6 years"" and not ""of over 8 years"" or 9 idk, it's almost a decade.",esh
"AITA for refusing to let my husband put our daughter in a nanny share just because our daughter behaves for the nanny
My husband and I have 3 kids, James (12), Matthew (9), and Julia (4).

My husband has a more flexible work schedule so he handles mornings and after school until 5:30/6. He’s been busy this week so the boys have been staying home alone from after school until 5 and I’ve been dropping Julia off at her best friend’s nanny’s house so the nanny can take both kids to preschool and pick them up afterwards.

I love Julia but she can be difficult. She has this thick curly hair and she will scream her head off if anybody tries to brush it. She’s an extremely picky eater so most of the time she skips breakfast and barely touches dinner. She also still has potty accidents quite frequently because she refuses to stop what she’s doing to use the bathroom.

Day one with the nanny Julia comes back with her hair braided, a report of everything she ate (a full breakfast, lunch, and snack), and she didn’t have an accident. It went like this all week.

When my husband picked Julia up today, he asked the nanny if there was any way to keep this arrangement going since Julia does so well with her. I didn’t find out until he came home and told me Julia can keep seeing the nanny.

I tried to tell him that it’s a waste of money ($150/day/kid) but he insists that it’s worth it because drop off is at 7, nanny gets the girls dressed, does hair, makes breakfast, and drops them off at school. Nanny picks them up at 12, gives them lunch, the girls have to rest for at least an hour, snack at 3, and pickup anytime before 5. Both girls have to try the bathroom every hour. He also says it’s better for Julia since she doesn’t let him do her hair, won’t eat nearly as good for him, and he isn’t able to give her as much attention as the nanny since he’s still working.

I still think a full time nanny share is a complete waste of money since he is home and if Julia can behave for the nanny she can behave at home but my husband is threatening to return to the office if I don’t agree to some childcare arrangement for Julia.

Update: after speaking with the nanny I decided to let Julia go to her. It turns out her hours are actually from 6:30 am to 7:30 pm for that $150 and for an extra charge she will do overnights, weekends, and will keep her when she can’t go to preschool.",esh
"AITA for saying weed can be a hallucinogen?
Recently I moved back to my hometown for an extended period following a mental health crisis. I've been here for a month and just started catching up with some friends from high school. Since I came back everyone has been pestering me to see them I haven't felt ready. The friend group of 5 (B, C, D, E & me) people has stayed tight (except for me after having moved away), with B & C being lifelong besties. I made plans to see B, C, & D together last weekend, as E was working.

We were hanging out, chilling. It's a small rural town and no one wanted to drive far so we got some seltzers and Sonic and tailgated in some parking lot like we used to. They light up some bud, and when passed to me I declined. I used to smoke a lot of weed in high school, so my friends were a bit incredulous. Someone asked me why, and I replied something to the effect of ""I can't trust my brain on hallucinogens."" My friend, B, retorts that they're not hallucinogens. I say, ""for you."" B is insistent, ""not for anyone"", and a whole debate ensues amongst the group.

I don't have a lot of interest in debating this subject, so I let everyone else talk. At some point my friend C starts to prod me, asking about weed having made me hallucinate. Having been diagnosed with a psychotic disorder, I wasn't really comfortable talking about this as it was not a fun time, so I said it makes me paranoid and I'd rather not risk it.

B immediately interjects that paranoia is not akin to hallucinations, and that marijuana can only cause hallucinations in people already predisposed for psychosis. At this point I'm just kind of frustrated because I was never really engaged in this conversation, although it was my fault for bringing it up I guess, and say blankly with sustained eye contact, ""Yes.""

I guess my response was weird or awkward because no one said anything for moment, C said ""anyways..."" and moved on. We move on, and maybe I was still a little awkward or uncomfortable, and B didn't really talk much to me for the rest of the night, but everyone else got on fine and I tried not to attribute anything to it. At some point in the night, plans were made to get together later in the week including E. The plans were kind of centered around me having come back into town and all of us reuniting.

I wake up the next day to see I've been removed from the group chat. I find it kind of weird considering they all already have their own group chat, and this is just the one including me, but figure it was an accident. So I texted C & asked her to add me back. She didn't respond and I kind of put it out of my mind.

The next day, C texts asking to ""talk"". I said sure, even though we don't usually talk on the phone, so I was feeling anxious. She prefaces the conversation very diplomatically, saying that she's a neutral party in this, but that I made B uncomfortable last time we hung out by ""being cryptic, putting her on the spot, then sulking for the rest of the night"". So, AITAH?",esh
"AITA Taking a paycheck that wasn't given to me
I work part-time at a store. Every Friday, my boss gives me a physical paycheck. One Friday, my shift was over, and I saw my paycheck on his desk. Keep in mind that his desk is out in the open, so there wasn't any door for me to open it's just there.

Anyway, I wanted to leave, so I just took my check and on my way out I told him what I did so he wouldn't think it was lost, but he snapped at me for what I did. The next week, he cut my hours, so now I make even less money. Am I in the wrong, or did he overreact?",esh
"AITA For Swatting A Spider?
My girlfriend and I have been together 3 years. We just had our first fight over a stupid story about me trying to get a spider out on my car where one of the friends in the discord was hyper empathetic and asked me to not talk about it. I have arachnophobia but she didn’t take me seriously, as did no one else. They took the hyper empathetic person’s side and all verbally came at me. I was obviously upset and hurt. My other friend defended me by taking my phone, which I admit was wrong, but I was crying. She said she was trying to not to choose sides but actively didn’t reach out to see if I was ok. She did pick a side according to my best friend though, and it wasn’t mine. We had a talk but she didn’t apologize for anything even after I apologized and tried to clear things up. I also expressed my hurt but she still worded it like it was all my fault and the other person couldn’t have stepped back instead. AITA for wanting to cope with my fear through a story",esh
"AITA for not seeing my friend for 8 months because I was waiting for another friend to come clean?
Three years ago, I was part of a close friend group with Mila and Tony.

There was also Aya, a Japanese girl who often tried to hang out with Tony. He wasn't interested, and Mila used to make fun of Aya behind her back, especially about her voice and manners. Tony joined in. I didn't like Aya either; I thought she was fake and manipulative; but I never joined in because I don't like talking shit about people behind their backs.

Plot twist: Tony eventually got together with Aya, and they got married.

Tony later told me he no longer felt comfortable talking to Mila because of how she had treated Aya, now his wife. Probably a move from Aya influencing Tony to avoid her since through their relationship the wife's manipulative scheme could become palpable with other people.

However, he didn't want to confront Mila and asked me to keep it secret.

A year later, Mila came back from abroad. I repeatedly encouraged Tony to talk to her and clear things up. He never did.

Mila tried to reconnect with us, but I kept my distance. Partly because she's extremely self-centered and conversations with her tend to revolve entirely around her, but mostly because I felt Tony should be the one to explain why he suddenly didn't want to see her. I didn't want to lie to Mila, but I also didn't want to betray Tony's confidence.

This went on for eight months.

Eventually, I got tired of waiting and decided to meet Mila myself and tell her the truth.

It turned into a three-hour dinner where she was understandably upset. As expected, the whole dinner was centered around her. She blamed me for not seeing her during those eight months and talked about how difficult coming back had been. She felt abandoned but still refused to apologize and admit she created this whole mess by mocking Aya in the first place.

To be fair, she did try to see us when she first came back. We were busy, and after trying for about three weeks, she stopped asking. So I understand why she feels hurt.

At the same time, I feel like Tony was avoiding responsibility for his own conflict, and I ended up stuck in the middle. He had the issue, he asked me to keep it secret, and I repeatedly told him he should talk to her.

Now I feel like I'm constantly doing the dirty work because neither of them is willing to make the first move like an adult.

So, AITA for staying away from Mila for eight months while waiting for Tony to come clean?",esh
"AITAH for getting mad because my husband had me do something I could not do
My husband asked me to change the wiring harness for his seat in his f-150. Keep in mind I am female and have never done this before. While I was doing this I realized the new part did not have enough connectors and told him it was the wrong part. I got mad told me I didn't know what I was doing and told me to go away. I hooked the old harness back up so I could move the seat back so he could drive and now I am stupid because I didn't bring it in and look for a short in it. I cannot win for losing. And he told me ""I am not getting credit for this because I did it wrong"". I don't know ...I'm just sad",esh
"AITA for telling my BPD diagnosed friend that she overreacts?
We got into a bad argument today because I told her she tends to overreact to things.

She gave me a huge lecture about how that word is offensive and I'm a jerk for using it. I guess I can see how it could be considered offensive so to respect her boundaries I agreed to not use the word ever again.

The problem is that she absolutely has massive reactions anytime anything goes wrong, and in my experience with BPD in particular, there is absolutely no argument in my mind that she overreacts. The literal definition of the word. There is no word that is more accurate or describes the situation better. It fits 100% and I doubled down on telling her that it's how I feel and that sometimes criticism is healthy for people to grow. Me not wanting to change my view made her even more mad.

Am I missing something and that word is actually really offensive? It really caught me off guard because I am very open to criticism and always attempting to grow as a person. If someone told me I overreact to things, I would genuinely consider whether I do or not, acknowledge it, and try to grow from it.

Or maybe I'm just an asshole?",esh
"AITA for telling my mom she should’ve told me
Disclaimer: I know this is a shallow argument

I (21F) already planned to go out last Sunday with my mom (54F) and my sister (24F). The initial plan was we’ll go to church by 10:30, which is like 5 mins away from our house so we just have to leave by 10:20.

Anyway, i told them im thinking of trying out new makeup routine so i might need 1 hr for that, and another hour for curling my hair so i need to wake up by 7:30 for extra other things as well.

Sunday came and my mom tried to wake me up, but i only got up around 8:30 thinking ill just do my usual routine so we wouldn’t be late. I did some chores for my cats (fed them and cleaned their litter box) then i took a shower. I also washed my face and brushed my teeth in my parent’s bathroom so my mom saw me do all that.

I was thinking ill film a little tiktok video and decided to borrow my mom’s phone and comb since i cant find mine and i asked her why she hasnt started getting ready yet since it’s already 9:40, she takes a while too to prepare so we might be late.

mom: Your sister said she was busy with work so since you didnt wake up on time we decided not to go out anymore
me: the time i set was just for allowance and for a new routine but i could get ready on time and we wont be late
mom: Well your sister didn’t prepare anymore cause she also woke up late and we decided to cancel it altogether since she has work to do, it’s her hell week
me: why arent we gonna go just because she cant? i wanted to go out today because i wouldn’t be able to go out after this week since ill be busy with my thesis the whole month. and didn’t you see me getting ready? why would you decide with my sister without thinking of letting me know about it?
then i stormed off.

i chatted on our family gc how i was annoyed because both of them cancelled the plans and nobody thought to update me about it. i wasnt even mad that it was canceled. i was mad because i was excited getting ready while also rushing as well, and if i didnt think of borrowing the comb, i wouldve gotten ready all by myself thinking we’re all still going, because nobody told me about the change of plans! i said i was mad about the principle of it, not because it was cancelled.

But my mom keeps saying stuff about how if i didnt want the plan to be canceled i shouldve woken up on time. But i kept explaining to her that it’s not even about that, it’s about just talking to my sister about it and they didnt even tell me. I sent her a message explaining my side, and how both my brother (23M) and sister sees my point and understands where im coming from, so i tried explaining to her my side.

Now she’s not talking to me? And she’s currently acting how she usually acts when ive been disrespectful to her like taking off all my clothes in the laundry and doing the entire family’s but mine. I genuinely dont get why she’s being like this cause it wasnt even that big of a deal anyway and i didnt even scream at her or anything i just explained my side.",esh
"AITA for thinking my parents are overreacting about me dropping a semester of college?
To preface this, I have been going through a lot of mental health challenges these fast few months, I recently lost some of my closest friends, and I’ve been in a constant state of depression, I’ve been working to get help by going to therapy twice a week and trying multiple different antidepressants, it’s slowly improving luckily but it is still difficult.

I 18F have recently turned 18 and I still live with my mom, I graduated high school early in ‘25 and started junior college because it was what is currently best financially for me since I get all of my classes and textbooks for free due to financial aid. I am currently in my second year as a psychology major, wanting to switch over to radiology for transfer. I am almost done with my AA in psych but it just doesn’t feel right for me at all. I talked with my counselor and making the switch is incredibly difficult because it requires all of the classes I never took. That immediately made me upset though it was something I expected.

During all of this, I recently switched my medication and got hit hard with the extreme fatigue side effect which I had never had at this level before, it has been hard for me to even function as a human being or get up in the morning, I don’t feel depressed but I feel physically ill 24/7 that I’ve almost had to miss out on things I’ve been looking forward too. I was a full time student and currently unemployed, so when I told my parents I needed a break they didn’t take it well.

I proposed that I would drop most of my classes for this semester, luckily I was able to drop this semester before anything would hit my transcript because it was something early, and then I would take classes in the second 8 weeks when hopefully my symptoms have subsided. My parents started calling me a college drop-out and that I don’t do shit with my life but sit around, my mom was going to start charging me rent for the weeks I wasn’t a student; which I kind of fought against because I was dropping out due to extreme mental health issues rather than out of extreme laziness. I got pretty mad at them after I fought with my dad (who doesn’t live with me) and left the house; I went to my best friends sisters house and hung out with them for a while before staying with my friend for the night.

I feel like my dad isn’t justified to berate me so hard because he wasn’t there for most of my life and kept leaving me and my mom when I was a kid and refused to help her raise me, making her depressed and she ultimately gained a lot of weight because of it and he didn’t care. My mom on the other hand, I understand a little more because she’s actually supported me. But that’s also why I was hurt because my mom was saying awful things to me when she was my main support system. In the end, I got extremely mad at my parents and continuously fought with them over this, because I felt hurt in reality I am trying to get better, I just would rather drop a semester then fail my classes.",esh
"AITA to expect my Italian BF to talk in English
I (33F) and my BF (34M) have been in a relationship for a year. He’s Italian, we live in Italy and we communicate in English, since I don’t know Italian (I’m learning and now it’s somewhere near A1/2). English is not my first language too.

Info: we’ve been on a vacation with his mom and sister for a week. His family is amazing, I love them, I adore the relationship that they have between each other and I really can see that they care about me. BUT since I don’t know Italian I often feel excluded from the conversation.

Situation:
On the fifth day a friend of my BF came to visit with his wife. Important note — everyone involved knows English (someone more, someone less but enough to maintain a conversation). A few examples that felt especially bad:

All of us were in the water and they talked about smth for some time (10-15 min). At one point my BF said “OP, sorry, we’re talking in Italian” and continued to talk in Italian. Friend’s wife said “let’s talk in English” and explained to me what they were talking about. After about 5 min of me being a part of the conversation my BF asked question (related to the topic) in Italian and from that point conversation continued in Italian, without me.

We spent lunch together and sitting on the table was so uncomfortable. All of them talk, share, laugh and I’m just there like a piece of furniture. Couple of times BF’s mom asked me a few questions (in eng.) and couple of times my BF asked me if I’m okay. But overall I wasn’t really a part of the conversation during lunch.
Afterwards I told my BF that I’m sad that I’m being excluded because of the language.

Note: I don’t expect them to speak English all the time and I perfectly know that I’m in Italy, they’re Italians of course they’re going to talk Italian. But it would be nice for my BF to ask every now and then “guys, English” so I could be a part of a conversation. All of them know English and I’m the only one who doesn’t speak Italian, so it’s hard not to feel excluded.

So after I told this to BF he came back to the group and after 5 min asked me if it would be okay if he asks friends about a gift (I wanted to gift them smth) AND he asked them in ITALIAN. While I was in the room, and was a part of a topic and I said 5 min ago that I feel excluded.

I remained quiet. Trying my best not to cry in front of everyone. As the dat went I tried to be slightly outside the group, being quiet (which is not nice at all from my side but it was the only way I could’ve dealt with overwhelming frustration).

So, am I being unreasonable expecting my BF to make an effort to include me?",esh
"AITA For telling someone to eat shit?
So basically last week I was in school and im in a new class and everytime i speak the same exact person who talks really loud tells me to shut up, Sometimes I do actually talk loud on accident because I am used to it and I really dont mind lowering my voice if someone tells me to but their tone was really rude and I let it pass that time and just said okay, The next time it happened it was all 3 of them talking and i was also talking to someone and they stopped talking and told me to ""Shut the fuck up"" and the fact they dont even know me or are my friends to say something like that makes it even more rude, I got really pissed and just told them to eat shit cause they were also talking loud, Ever since that theyve been trying to get away from me and if we were ever to meet up or grouped together with my friend they would try to talk their way indirectly to keep us out of it like saying just us 3 is enough Besides i dont really care if we work together or not but their tone and attitude is very annoying.",esh
"AITA? When is violating stated boundaries okay?
My employee (and friend) and I have worked side by side together for nearly five years. She is chronically ill with numerous (mostly) self diagnosed neurological and auto-immune conditions. She talks frequently about her ailments and it’s obvious to me when she’s not well, even if she doesn’t talk about them.

In the time we’ve worked together, we’ve had two conflicts. One was about my tendency to offer suggestions about her medical care (I’m a former medical advocate). She asked me two years ago to stop offering advice and sending links. I thought I had but due to her often initiating conversations about her ailments, I still sometimes made comments expressing concern and support.

Recently she told me her body was in crisis and she wished she could die. She said she needed to take several months off after our next gig. I supported this decision.

In the meantime, I felt frightened she’d crack mentally or collapse physically. It’s was stressful to work with her knowing what might happen. After the gig she said she was retiring altogether. I was honestly relieved but still concerned because I care about her. I asked her what her plans were and she didn’t know. I suggested maybe she look into Mayo Clinic due to the complexity of her ailments. She said the last she checked they didn’t treat ppl with her condition. I went home and did a search and found out they now have a whole department dedicated to her ailments and thought she’d want to know so I sent her a link prefaced by an apology because I knew she didn’t like receiving input.

She sent me a long aggressive email in which she unloaded on me about violating her boundaries. I sincerely apologized and a few days later tried to explain that I felt it was a “break glass (boundary) in an emergency” situation given her fragile mental and physical state. She blocked my number and blocked me on social media. Friendship over.",esh
"AITA For Telling my friend to stop telling us about his relationships problems if he doesn’t want us to criticize his girlfriend?
My friend (26m) has been dating his girlfriend for a few months. I’ve met her, our other friends have met her, to us she seemed pretty chill. She’s just kind of needy it seems.

My friend though, is always telling us how how she gets all upset if he doesn’t text back fast enough, complaining that he spends too much time with us, etc.. My friend and I try to hang out pretty frequently, but none of our girlfriends care. And my friend will complain to us about this, but if one of us something like “yeah she’s being kind of bitch” or “she’s being annoying” he’s going to get all mad about it.

Last time we hung out, we were out the whole day, and apparently my friends girlfriend was getting on him for not responding for a few hours (which is crazy, because if my girlfriend texts me, it might take me a few days to respond as life gets busy yk, and my gf has no problem with it). When another friend of mine said that his girlfriend needs her own friends, he got all mad at him. I then told him that if he doesn’t want us to shit talk his girlfriend he needs to stop complaining to us about her. My friend said we were doing too much, which resulted in some back and forth intil we decided to drop it and move on. Everything’s fine now, but AITA?",esh
"AITA for telling my cousin she was invalidating my feelings and then sending her a long message explaining my past?
I (37F) and my younger cousin ""Lena"" (29F) got into an argument a little over a week ago. She was telling me I should just sell my house and rent instead because it's less stress. I pushed back gently and said she might be looking at it from a position of financial security that most people don't have.

She immediately got defensive and sent me a wall of texts about how she grew up in a house with mold in the walls and a landlord who never fixed anything, and how renting has always been her safe option because of that. I apologized, told her I didn't realize it was that bad (family gatherings were always at my grandma’s house), and said I was sorry.

The next day I realized I never actually got to say what I meant, so I messaged her again. I told her I wasn't trying to dismiss her experience, but that I felt like she shut down rather than hearing my actual point. She *immediately* reopened the argument from the previous day.

I asked if we could take a time out and revisit it because I was getting really overwhelmed (which is something I never do). She responded by saying I was trying to ""control the narrative"" and ""shut her down."" I told her that wasn’t fair but I dropped it.

Then I didn't hear from her for several days. She's been through a lot and she processes by pulling away, so I tried not to read into it. But I got anxious because she’s become one of the most important people in my life in recent years.

So I wrote her a probably too long message about how I’ve realized that I’ve been a people-pleaser to survive, and how I'm trying to unlearn that. I told her about some of my past friendships and relationships that have ended when I stopped being scared to speak and started advocating for myself. I told her I was scared of losing her but I understood if she couldn't handle the person I'm becoming. I was really careful in how I worded everything because I didn’t want to upset her more.

She responded after a couple days saying she needed space and calling my text a ""D1 crashout."" She said I was projecting on her and seeing things in her that aren't there. She said she can be upset for a few days without me having “a complete meltdown"" and that she didn't deserve to be seen through the lens of my past relationships.

I told her I wasn't trying to overwhelm her or compare, I was trying to finally be honest for the first time in my life and her silence made me feel like I was being punished even though I know that wasn’t what it was. I also told her that when I asked for a time out and she accused me of controlling the narrative, I felt she was prioritizing her own hurt over hearing mine.

She hasn't responded since.

I love her, but I'm starting to wonder if I'm expecting too much from her. My husband says I should have just let the original argument go and that I overcomplicated everything by bringing up my past. He said I should let it go because she’s young.

AITA for sending the long message and pushing to be heard/understood?",esh
"AITA for not going to my friend’s 30th birthday?
I 30F am currently 20 weeks pregnant, have a 2 and a half year old, and work full time. My friend had been planning her 30th for a while and invited me and my partner. Originally, I said we’d come by with our son, but she told me it was strictly no kids and I’d need to get a babysitter. Fair enough. Her party, her rules. A few months later, she asked again if I was coming. I said I’d probably swing by for a couple of hours, but I wasn’t dressing up. She immediately said, “No, you have to dress up.” It was a costume party and apparently costumes were mandatory. As the party got closer, I worked a pretty exhausting shift that morning. Between being pregnant, tired, not having a babysitter, and not wanting to spend money on a costume I’d wear for maybe an hour, I decided not to go. I genuinely forgot to tell her beforehand that I wasn’t coming. It wasn’t intentional. I simply forgot. I messaged her at about 3am when I woke up and realized. The next morning she replied saying we were done, called me inconsiderate and “the worst friend ever.” By the time I’d finished making Father’s Day breakfast for my family, she’d blocked me on every social media platform. For context my partner and I have a huge mortgage and can’t waste money, and on my own birthday back in May. I didn’t have a party, just a casual dinner. While we were there, I told her I was pregnant. It was early, but I knew. Instead of being excited, her first response was basically, “You’re not.” When I explained I was, she didn’t seem happy for me at all. It felt like she assumed it was an accident, even though I’m 30, engaged, and this is my second child. She never congratulated me or shared in what was a really happy moment for me. It left me wondering if she’d already checked out of the friendship long before this party. I completely understand that canceling late is frustrating and I should have let her know earlier. I own that. But ending the friendship and blocking me everywhere over one missed birthday party feels like a huge reaction. So, AITA?

update: more context: Look, I definitely dropped the ball on her party. Juggling a busy 2yo boy and working 11 shifts per fortnight while pregnant with minor health concerns is difficult, something had to get dropped and a dress up party wasn’t a priority here and yes baby brain got the best of me on the day after being wiped out by work.  But honestly I found it quite rude that I wasn’t allowed to bring my family ( my son) I’m 30 already, most 30 yos have kids. All my other friends events are kid friendly and come if you can attitude. No demands and Absolutely no pressure. And unfortunately I am probably pretty nonchalant about it all, for the simple fact that my priorities are not the same. My life is in order, husband, children, home owner. Ex friend rents with sister and cheats on every boyfriend she gets. I’m definitely an a-hole for putting that out there.",esh
"AITA if I start calling the cops on my roommate every time she decides to have guests over outside of guest hours
Hi all. 21f here and posted here before about my living situation but will provide more. context at the end. My (18f) roommate and I have been having issues since she has gotten guest privileges. She has not only disrespected me but had broken the house rules several times by having 1 or more people over after 10 PM. House rules explicitly state no guests between the hours of 10 PM-10 AM. I have found multiple people in my living room in the early hours of the morning sleeping there several times and im getting sick and tired of it and the staff are doing nothing because they're taking it on a ""case by case basis"". I have texted and called staff several times and had meetings to tell them exactly what is going on, and they have done nothing other than talk to her. We have tried to have a mediation session with a therapist that she never showed up for.

I think it would be best to call the cops every time it happens because technically these people are trespassing and it would be a much more quicker and effective solution than whatever the staff are doing and also bring a lot much more attention to the situation than just me telling staff for them to file it away in whatever folder. I have expressed my frustrations clearly to them both in writing and verbally so they know it is a major issue with me and a major safety concern because it is mostly men she brings over and I don't know these people. She has been talked to about this at least once as far as I know.

Context: I live in a transitional living facility for young adults transitioning out of foster care. It is completely free (you have to put about 20% of your income in a savings account every month that you can only access after you leave) and a nonprofit not run by the state I believe. The rule she is constantly breaking is no guests between 10 PM- 10 AM and no more than one guest per person under any circumstances.

Sorry if things seem a little scattered, this has been an ongoing issue for 2 months and its to the point I don't even want to be in my own home most of the time.

(edited to correct age, just turned 21)",esh
"AITA for getting a cab on a rural island
I am on Ponza, a rural Italian island with my boyfriend. We’ve been together for about 10 years, but at least 5 years have been long distance. I always look forward to the 2 times per year that we spend together. But I just had a fight with him and I’m pretty angry.

TLDR: AITA for 1) wanting a cab in a remote neighborhood in an island we’ve never been on; and 2) wanting the keys to the hotel if I’m going to be there 30 minutes before my boyfriend?

Full story:

After a full day on a boat, it took us until 7 PM to make reservations for a restaurant. We wanted to go someplace different on the island and elected for La Piana in the north. There’s only 3 restaurants in this part of the island and the only reservation we could get was at 10 PM. This gave us 3 hours to kill.

We drank two Campari Spritzes & then walked 15 minutes to the main part of town. We drank another spritz in town - but it was still only 9pm.

Misha wanted to walk 25 minutes to La Piana but we had never been there & there are hairpin turns on the only road with cars going 50 km an hour. I wanted to take a cab because I didn’t feel safe doing this without ever having been on these roads or even knowing if there are lights. There’s a shuttle bus that we can wait for, but it’s always late and a little chaotic. Long story short, Misha convinced me to walk. But I was pretty angry about this.

We had a truce while eating & the. debated whether we should take a cab back or walk. Misha wanted to walk again. I said I would call my own cab then. But we only have one set of keys to the hotel.

Misha wanted to keep one of the keys so he could get into one of the doors in the front gate. But it was incredibly difficult to pry the key loose from the keychain. I didn’t see what was the issue with me keeping the key all the keys since I would be there way ahead of him. Walking all the way to our remote hotel from this even more remote area of the island would take at least 40 minutes. Meanwhile, a taxi is 10 minutes.

This reminded me of the 3 years I lived with him in Berlin when there was only ever one set of keys to the apartment. I often had the keys since he worked during the day. If I was out with friends, I would have to go running home in the middle of everything to make sure he could get in. This became a joke with all my friends.

So with Misha insisting on keeping one key, which just seemed utterly unreasonable to me, I got angry again. I told him that he should just keep all the keys. Then he got angry at me and gave me the set of keys and set off. Now I’m here & still angry. AITA???",esh
"AITA for being overly rude to teens
hey all, simply curious how you all might see it. i was coming home today and these kids were in the middle of the street on e-scooters. they were refusing to get over for both me and oncoming traffic so i gave them a few light honks and flipped them off. should i have? probably not, but it felt deserved since i shouldn’t have to moderate someone else’s children. what do you all think? thanks for any help!",esh
"AITA for not just cleaning the towels?
I (39M) clean my used towel when I'm done with it, and it rotates back into our closet. My wife (40F) forms a pile of her used towels at the bottom of that closet and cleans it every few months. This pile is currently 3 feet tall and contains every towel in the house except a ratty beach towel and my dirty shower towel. Today I decided my towel needed to be replaced so I asked my wife ""if you get a chance, could you please clean your towels? I need a new one and there are none left."" She responded ""Oh, just throw them in the washer."" and gave me a look like I'm being weird. This didn't seem fair to me as none of those towels were dirtied by me, so I said ""I shouldn't have to clean up after you in order to be able to have a clean towel."" She rolled her eyes, made me feel like I'm being ridiculous, and said ""whatever."" Growing up she had a terrible mom who was overly controlling about cleanliness and I think it's really affected her into adulthood. It's a simple thing I could do to minimize conflict but I don't feel this should be on me. We generally try and be an egalitarian type household - I'm not saying she should clean them because she's a woman, we both work, split household duties as equally as we can, and don't have kids.",esh
"AITA - Wife doesn't clean up food trash - I don't put my coffee my away
My wife leaves out her food trash, and I complain to her every time she does this. Snack wrappers, bowls with food scraps; takeout boxes.

We have a newborn and pets - 2 cats and a dog. This morning, one of our cats had a chips bag stuck on his head head and was stuck in a random corner of the room. When I tell her about the cat with a stuck chips bag on his head, she dismisses it as non important and not worthy of a conversation.

I'm always reminding her to clean up. Everytime when I remind her, she views it as an attack, and reminds me I always leave my empty coffee mugs around. I do leave an empty coffee mug around - sometimes on the dining table, most of the times at my desk. She thinks its equivalent, and that I am the asshole for always bothering her to clean up after her food trash. She says she cleans up after my empty coffee mugs all the time without bothering me.

Am I the asshole?",esh
"AITA:I left my best friend behind after inviting him to a wedding.
Hi, first time posting on here just want to get some feedback about this situation because I’m kinda going crazy about it. I’m a 19(M) and my bsf also 19(M). About a month ago my mom calls me telling me about this family wedding we had at the beginning of September of this year, she said I could also bring a plus 1 if I wanted. There was also a concert the day before the wedding that I know my bsf would want to go to, so I called him and asked if he would like to go with me the day after the concert. He sounded excited and said of course so the plan was set. Flash forward to the day of the concert, we got home pretty late I’d say around 2 in the morning which is late but do able for an early wake up. My mom told me that we were leaving the house around 9:20-9:30 very latest so I told my him “set as many alarms as you can, because I know how you get”. (Side Note: My bsf is infamously late and has absolutely no sense of urgency and all of my other friends know it as well. He also gets distracted pretty easily.) He says okay I’ll be up by 8:15, I said okay great. Morning rolls around I wake up around 8:20 and call him, no answer. So I have to end up calling him mom to wake up him. She says okay and goes to wake him up. 9 o clock rolls around and I’m pretty much almost done so I call him to see how he’s doing and I get no answer. So I text him and ask him how close he’s done to getting ready and he said he was almost done. I said cool and I’m about to go get in my car to pick him up to bring him back because he lives 5 min away from. I told him the night before I would come and get him. As I’m about to leave the house my mom told me I can’t leave and to tell him to come here. So I texted him and told him that he has to come to my house now. It’s around 9:20 now and he still isn’t here, so I call him frustrated and ask where he’s at and he said he’s still looking for his keys. So my mom said that this was a family event and it was rude of him to not be ready especially after we told him multiple times what time he had to be ready by. So we left him, and his mom started texting me and being petty with me about it but I’m not really the rude type so I just told her we had to go and left it at that. But now I’m tweaking because they’re like my second family and I don’t know when it’ll blow over. But AITA? (If anyone has any questions just comment again this is my first time posting.)",esh
"AITA for not always inviting my roomate and close friend of 8 years to hangouts with my best friend?
I've known this friend (who I will refer to as C) since I was 12, and I used to consider them to be my best friend up until about 2 years ago when we started university. C met and became really close to (who I will call) K in our first year, and C now refers to them as their best friend and to me, ""like a sibling."" This really hurt and felt like a friendship demotion since I know what their relationships with their siblings are like. Me and C have a mutual friend from college, O, who I became much closer to in the last year or so, and I now consider them to be my best friend.

I tend to spend a lot of time hanging out with O since we both enjoy playing games together, watching movies, and going out for casual drinks at spoons. Recently, C has been getting angry at me for not inviting them to these hangouts, even though they've voiced that they don't like playing the games me and O play, they don't tend to enjoy going to the cinema, and they don't drink. C complains about not being included, yet they don't come up with their own hang outs that cater to what they want to do other than the occasional club night.

Me and O find C a bit controlling in the sense that if they're going to be invited to something we plan, then it has to revolve around what they want or it either won't happen or they'll join us just to be moody and rude the whole time. (This is from experience in college).

For the last week or so, C had been acting coldly towards me (not talking to me or giving brief responses and stinkeye) so I asked K if they knew if C was upset with me and if so, why? K said they didn't know, but that it may be because I went to see a movie with O without them, stating C's complaints about not always being invited. I made the mistake of confiding to them about how they can be a bit controlling about the activities we do and how that can make it difficult to invite them sometimes. Especially when me and O just want to play games, etc.

Yesterday, as of posting this, I went on a night out with C, K, and O, and I briefly sat with just C who said ""K told me what you said about me"". They then proceeded to essentially ruin the night out by berating me about purposefully excluding them from hangouts (that they wouldn't even enjoy or want to participate in). I wasn't sober enough and felt I couldn't articulate well enough to continue having that conversation at the time, whereas C had only had one or two ciders. I chose to get off at a later bus stop so I could walk back on my own and take the time to think of how to respond if C and K were waiting at the house.

I live with both C and K and now find the atmosphere in the house to be pretty cold towards me, especially since they've roped our other housemate into it who apparently ""noticed"" that I was ""excluding"" them despite the fact I've only been back in the house for 2 weeks (I went home over summer). O is on my side as we both feel the same way about the situation.

AITA? What should I do?",esh
"AITA for asking my neighbour to not leave the trash bag out?
We live in an apartment building and our downstairs neighbour occasionally leaves his trash bag in front of his apartment door to take it down when he leaves the house. It smells a little but not to bad to be honest. We always pass by his door with our toddler crawling on the floor and touching everything he finds.

Yesterday there was a trashbag outside again and so we rang at their door to ask them to take their trash inside. He seemed slightly annoyed by it.

AITA for complaining about the trashbag in front of his door?",esh
"AITA for snapping at my older brother for not turning off the bathrooms lights?
I'm 18 and my brother is 23

Our entire life, my brother has had a habit of not turning off the lights in rooms he leaves. For example, leaving his room light on while we're out or leaving the kitchen lights on all night. This hasn't bothered me too much before because he lived on campus for high school and college. Every time he came home, it was hard to tolerate him because he has horrible house habits.

This year, he's taking a gap year before going into med school, so he would be living with us for the year. We're 2 months in, and I already want to claw my hair out. His habits of keeping the lights on hasn't gotten better, it's just been restricted to our shared bathroom. I used to just turn off the lights for him, but eventually realised that he is a grown ass man and I shouldn't have to pick up after him.

Our rooms are right across each other and the bathroom is like 7 feet down the hall from us, so I can see when the lights are on. My door is always open, so every time I see the lights are left on, I get really annoyed and tell him to turn off the lights. He went from turning off the lights to only turning off the first light (Our bathroom has two lights switches: one for the room with sinks and a second for a small, separated area with the toilet and shower). From my bed, I can see the faint light of the second bathroom light, so I tell him to turn off the lights.

Tonight, my brother got frustrated when I told him to turn off the light. He told me off and stormed off into his room, and I yelled back at him that I wasn't going to turn off the light for him. I tried to go back to what I was doing, but, again, I realised that a 23-year-old should not have this much trouble overturning off a bathroom light. It genuinely takes less that 10 seconds to go back into the bathroom and turn off the lights.

Here's where I might be the asshole. I went into his room to confront him and spent about a minute just telling him off and basically scolding him. I told him a lot of things, but a lot of it was along the lines of ""you're a grown ass man, you shouldn't have so much trouble doing something that isn't an inconvenience"" and ""you're 23 years old, I shouldn't have to pick up after you"" and ""you're wasting our parents' money by keeping the lights on like this"" (we live in the bay area). It genuinely felt like I was lecturing a child for misbehaving. The entire time that I was talking, he was laying in bed just looking at his phone. When I was done, he said ""If you're so bothered by it, just turn it off yourself"" and I repeated that no I will not be doing that. I'm not the one who turned on the light. He then closed the door on me, pushing me out of the room in the process.

My mum doesn't see a problem with his behaviour, even though he has regularly proven that he is immature. I'm starting to think they're right and that I'm overreacting. Am I the asshole?

Edit: A user lmk that i should edit the post instead of commenting, so sorry for the inconvenience!

A couple hours have passed and I’ve had a lot of time to think about the situation. Thank you for all the people who commented so quickly, it’s given me a chance to reflect.

id like to clarify a few things:

one, I keep my door open for our dogs to freely go in and out of my room.

second, this situation has made me realise that I’m not actually mad about the lights. I think I’ve been fed up with my family for a while, and my frustration over my brother constantly getting away with these kinds of things is manifesting through smaller problems. A part of me still feels indignant, unfortunately. It feels unfair that it took my dad screaming at me one time to turn off the lights for me to start turning off the lights in every room I leave while my brother gets to leave the lights on everywhere.

again thank you for everyone’s responses 🥹 I’ll have to talk to my therapist about this situation later.",esh
"AITA for telling my “friend” she needs to meet more people and find hobbies
I (22f) and my friend (30f) have been friends for under a year. We met through work and we clicked instantly. Over the course of 4-5 months I have gotten so annoyed I don’t know what to do anymore.

A bit of background, I’m her only friend and she has a boyfriend that doesn’t really treat her right. She’s going through money struggles. Literally so much. She stay at my house 1-3 times out of the week. I have a husband and a 15 month old daughter. She’s over almost every day and it’s constant complaints about her boyfriend and nothing else. She eats my food that I cook. Sleep on my couch. Does her laundry at my house when she lives in a house with room mates. From every conversation her only goal is to get a better job and move in with her boyfriend who has thrown her out repeatedly.

Fast forward to two weeks ago I had gotten to my breaking point. I told her -

she needs to go out and meet new people. That she can’t just have me or her boyfriend as options. I told her that I wanted her to try and meet someone new this week and try to find a hobby. I said that if she’s not able to be happy living by herself she’s not going to be good in a relationship. I told her that when she meets someone new she can’t just talk about her issues constantly and completely ignore the other person’s thoughts.
I know it was harsh but I was tired.
Did I go too far?",esh
"AITAH for asking my mum to kick my friend out of our house?
Me (13M) and my friend (also 13M) (we'll call him jhon) have been friends for years. however, since we went to separate secondry schools our friendship has grown distant. during this summer, he started coming to my house a lot. like i would be looking forward to a lazy day and he asks me to come over. if i were to say no, he would get really angry and annyoyed that i am ""leaving him out"" and ""being a bad friend"", so i say yes. when he does come here, he moans that my little brother is in my hous because he doesnt like him or something. Once, i was really tired after a day at the park. while i was at the park, he rang me and i ignored it. when i got home, someone knocked at the door. he came in, without even asking or telling me first. then my dad invited him to come to a restraunt with us. i textted my mum asap if she could send him away. she made a lie up about my grandmas birthday to kick him out. another time, while i had another friend over, he rang me . i was looking forward to a day with my friend when jhon came over and ruined it for me. So , am i the asshole?",esh
"AITA my friend is avoiding me after a night out
I have been friends with this person for about 3 years now. She has been nice to me but she has her flaws. Her constant body-shaming, interrupting people, making everything about herself, venting all the time but never making anything to solve the problem. I was pretty fed up with her and when we graduated I was pretty happy to leave school and her.

Me and my friends (including her) had a night 3 months ago. I got really drunk and I got emotional because my friend passed away in may. I was crying and then I was angry and I was basically all over the place. This is nothing wierd because I’m doing a investigation for bpd. I got angry at my friend because when I told her my friend had died she made it about herself and her dead grandma. I started saying that my friend’s death was worse than her grandmas and she got angry of course. I don’t agree with my statement, but I understand why I said it, my friend was 20 and her grandma was 90. I understand that it was wrong to compare deaths and grieving and all of that, but I had been bottling up anger for so long that it just blurted out of me. I grieved through drinking too much and I still do tbh.

After she got angry at me I left and didn’t speak to her for 2 months. She tried contacting me a couple times but I could not be bothered to have contact with her. I was so tired and I just wanted my dead friend back. Finally I said that we could meet up and talk, she kept going on about how bad what I said was and I agree, it was a horrible thing to say. I apologized and then I told her what I felt and how sick I was of her treating me like a therapist and that I blurted that out because of anger. It’s not an excuse but I was in a really bad place and it just happened. We agreed to communicate better and left as friends. Now we avoids me and I’m pretty much avoid her too. I see myself as the asshole. I hate what I said and I feel so bad but I just could not stand her anymore and I still can’t. When I told her my friend was dead she said started crying because it reminded her of her grandma so I had to comfort her. This have happened bunch of times, when I told her about my sa, she made it about herself and so much more. I’m so sick of this. I’m glad we’re not friends anymore but I feel haunted about the thought that I was a bad person.

AITA?",esh
"AITA for selling my mom’s jacket for $10 ?
So we have a bunch of clothes and stuff in our house cuz my mom is a hoarder. I asked her if I can sell this men’s winter jacket and at first she was like noooo but then I asked again and she agreed if I sell it for $20. So I listed it on Depop, but no one was buying it for a long time. So I dropped the price to $10. My mom was like hell no that’s too cheap, I don’t wanna give it away if u sell for that low. I just ignored her cuz I didn’t think she was that serious since she gave it to me to sell anyway, what’s the difference if I make a little less? The important thing is we get rid of all the junk in our house. But then someone bought it soon after. And my mom started freaking out screaming and yelling at me like crazy saying she doesn’t wanna sell it because the price is too low. After an intense screaming match I had to cancel the customer’s order. Was I in the wrong?

She’s such a hoarder I didn’t believe her at first when she said she loves it and wants to keep it. She says that about almost anything.
She said she can give it to family/friends as a gift in the future but we don’t even have that many friends/family and we see them VERY rarely like once every few years cuz they live abroad.",esh
"AITAH for causing my family to cancel our beach trip because I didn’t want to go?
A few days ago, my dad asked me if I wanted to go to the beach the upcoming Friday since it was a holiday. I told him that I wasn’t sure yet since I got home from school not long ago and was tired. The next day, he came in my room and told me that we’ll be moving the date to Monday since my mom had to work on Friday. I just said okay, nothing else about agreeing to go. The next day, my dad asked me what stuff we should bring to the beach since we were all going and had to plan a few days ahead. As bad timing as it is, I told him that I actually didn’t feel like going and they could leave without me. My dad got really pissed and asked why I canceled “last minute” when I agreed to go. Again, I never said yes to going. I assumed that he must’ve thought I was going due to some misunderstanding. Because I don’t want to go, he decides to cancel the trip altogether. I asked why he and my sister could go together and I can stay home, but he claimed he needed three people to take the HOV lane. So I suggested to ask my mom to go, to which he replied, “forget it.”
I want to know if what I did was selfish at all. I do feel guilty, but I don’t think it was really my fault. I’m only 16 years old, so if there’s some “grown up” message a kid wouldn’t understand, please let me know. From my perspective, I find it hard to understand why my dad would go to such lengths when I suggested a simple solution. Again, I’m not sure if I’m in the wrong here.",esh
"AITA For Telling My Roommate He Smells Very Very Bad And Starting An Argument
So I'm Turkish and my name is Emir(15m) and my roommates is Çağan(16m) its pronounced like a Shaun but with a ch sound.

Me and other bilingual people in schools in my city in turkey were traveling to Poland for the Erasmus+ program and some would say I am a clean freak though that is pretty exaggerated I shower every day, use hair products, skin products and wash my feet thoroughly every month. Anyways so went there it was beautiful and I loved my time there and we slept at this 3 star hotel. I had this roommate Çağan he was pretty chill at first and I didn't really notice the smell for most of the first day because I don't really enjoy getting too physically close or touchy with people. So the moment when the smell really bothered me is our first night at the hotel we were going to sleep and he had these white socks with brown disgusting stains on the bottom and he took those off and threw them on the ground and then then took off his shirt remind you he did that the whole week we were there. So we come from this museum everybody got tired and sweaty and we go to our rooms to rest and I go take a shower as usual and I get out he is laying his arms over his head laying with his feet out in the open and without a top the smell of his feet and armpits was absolutely unbearable an then I said something in lines of ""oh my god you smell fucking horrible go take a shower"" maybe in a bit more insulting way but that's why I am typing this here and he repeated my in a squeaker voice and that makes me so fucking frustrated like if you have something to say say it if you don't then don't be a fucking dumb bitch. anyways sorry I got a bit mad so after that I said he was a sad smelly bitch and then it escalated and escalated... okay I admit that was a bit much please don't hold anything back I am not expecting people to justify me I have thought about this and apologized to him later its just nice hearing what other people think.",esh
"AITA for yelling at my neighbors while waiting for our flight?
ok so i really cannot put the a good summary in the title so bare with me for the somewhat vaguepost-y title

For context, i have Autism. and i struggle with it pretty often, i overthink a lot. but most importantly, i tend to bottle my grievances a lot until they blow up into people's faces. this rarely ever happens as i get time to process it due to being mostly secluded at home.

Last july i went to turkey with my parents and neighbor for holiday. and while it was largely a nice all inclusive hotel, i had a lot of issues with my neighbors and his GF's 2 daughters. (10 and 12 years old). we wanted to go on holiday in september at first, but intentionally put the holiday to july to take in the account those kids' school times.

my neighbor's girlfriend (will call NGF for short), that being a coworker from my mom's work, has been with him for roughly 2-3 ish years. however, to say that their relationship is stable would be a big fat lie. its not that one of them is toxic or anything it's just... they have some problems.

Throughout the holiday, the NGF would constantly argue with her kids about various things such as being too clingy, constantly calling for her name, or just overall annoying her. which is fair but the NGF doesn't do anything to actually get them to stop. so instead of only having to listen to the kids being clingy, i also had to listen to the NGF complaining constantly

in the second half, my neighbor and the NGF also had some problems together. mainly that they had very little trust in each other. constantly wondering if somebody else is looking at other men/women while they very dearly love each other. me and my parents had to be between that constantly

There were many other issues. such as straight up ignoring us, not following promises of doing things together with us (such as jet skiing) and overall the four of them all acted like a victim while our family were the ones that had to change our planning to july (which is basically the rush times of that resort and i really hate overcrowding) and had a worse experience due to the constant arguing

i wanted to tell them earlier about my frustration but my parents told me that they should resolve it themselves

the airport was really crowded, and we sat somewhere at a mcdonalds to eat lunch before we head back home. i told the neighbors that i wanted to sit alone with my parents, but they ignored my request because there was no other place to sit.

after the neighbor and NGF started bickering again, i just snapped due to overstimulation. yelling to them about how they fucking ruined our holiday and that they all act like victims by always blaming either their kids or the kids blaming their parents. my parents tried to stop me from continuing but i really had to vent my frustrations. after i was done, the NGF walked away for a bit.

I did apologize and they said it was fine, but they never apologized either.

AITA?",esh
"AITA? Fiance and his family are upset I am solo traveling
I've (31F) loved to travel all my life, taking any chance I could to travel abroad when I was in my late teens/early twenties. I went back to school ten years ago and started a full time career and haven't gone out of the country since then. Last month I took time off work to use up PTO that doesn't get paid out without a plan. A (more adventurous) friend of mine ended up inviting me to go to the Canary Islands with her and another female friend that she just so happened to be going on at that same time. I went for just three days but had so much fun and caught a bit of the travel bug. I have another week off this upcoming month and decided to book a solo trip to Asia for six days as there's a country I wanted to really travel to.

My fiance (30M) is not happy that I am going. He started a new job in the last few months and can't take time off until 2027. He tells me it's selfish to go by myself and also a waste of money. He also says it's hurtful to not go with him. Please note that my fiance and I have traveled domestically many places including national parks and have a plan to travel to Japan in 2027. Much of my travel is covered by CC points and I've spent relatively little (<$1000 in Canary islands for the entire trip). I also budgeted the amount I'd need for both trips wisely (I quit smoking this past year and that money alone would cover both trips). When I ask him what I should instead do with my time off if not to travel to places I otherwise wouldn't be able to go to, he can't give me an answer.

Last night he told me his family members are apparently asking him why I'm traveling alone and being ""suspicious"" and implying that I am going with some other man (there is no history of infidelity in our relationship). That was incredibly hurtful to hear and also a slap in the face.

It's tough in these situations because I am trying to understand what he's experiencing but when I try to reverse the roles and imagine him enjoying his time off and traveling while I have work obligations, it doesn't bother me -- in fact I would be happy for him to see part of the world even if I couldn't be there with him. I do wonder if my upbringing has any influence in this, as my parents frequently traveled both together and without each other internationally when I was growing up (dad traveled to compete in marathons). Now they're both retired and go on long trips together as they both have the time.

AITA?",nah
"AITA for not realising the door didn’t shut completely
So this happened about a year ago
I was on holiday and at a restaurant and had been very sick after a boat ride!
took a load of electrolytes and then we went out for dinner
was eating the meal slow and was like oh no
We were seated outside so i walked inside letting the door close behind me and went straight for the toilet. False alarm but was good to splash water on my face
Came out and was walking towards the door when this man said ‘excuse me’
I first ignored it because i assumed he thought i worked there
Then again ‘excuse me’
I stopped and turned to the table, man sitting with a woman who looked embarrassed
‘You need to close the door when you come through because it let the wind in, you should have closed the door’
I was a bit in shock because I assumed the door was self closing so i said ‘okay’ and continued walking
Making sure to close the door on my way out.
I told my husband as I sat down and then have forever been wishing i stood up for myself a bit more.
I dunno, was I the asshole?",nah
"AITA for getting frustrated over noise levels?
I guess I’ll start with this… myself and my partner live on the first floor of a two-story apartment complex. The first floor is two-bedroom units, and the second floor is two one-bedroom units and one studio.

We have been living here since the begging of August. As we were moving in, the unit above us was moving out. That unit was vacant until a couple of weeks ago when we noticed someone was moving in. We heard loud footsteps, stomping, and banging as things were being moved in. This was happening until later in the night, think after midnight. Then, they were back at it again around 6:30 am, super loud again. We wake up early, around 6-7 am due to our respective work schedules.

I chocked it up to the fact that they were moving in and trying to get things done. That is, until a few days passed and the same noises continued. Often well after 11 pm, throughout the night, and picking back up early in the morning.

When I tell you that this isn’t just normal “I can hear them walking,” I’m talking full on stomping, slamming things on the ground… my walls shake sometimes from how bad it is. I’m sensitive to sound, particularly when I’m trying to sleep, so I’ve been trying to be patient. We even bought a turbo fan to help me sleep…

It was really bad the other day and I went to knock on the door to confront them when I realized that there was a toddler voice coming from up there. So it’s not just the woman I saw moving stuff in/doing laundry, she also at the very least has a toddler. Which does explain a lot. Regardless, the noise is happening at all hours; late at night, throughout the night, early in the morning It’s really been messing with my sleep… I got so frustrated tonight because I couldn’t sleep due to the constant stomping and banging that I ended up banging on my ceiling at around midnight (not exactly proud of this). They seemed to quickly quiet down after that.

All of this to ask… AITA that this situation is frustrating me so much? WIBTA if I talked with them about the late-night noise issues?",nah
"AITA for being mad about an event I planned for ~2mos being taken over/gutted last minute?
My cousin wanted a dance party and to eat dinner w/ her loved ones for her bday last yr. The bday girl ate dinner w/ 2 guests she’s not close w/, while we set up the dance party. No one really danced and the venue moved us inside early bc of noise complaints. She had fun but I could feel from her energy & face neither of her wishes were fulfilled. Mid July I told her GF & bestie I wanted to throw a surprise sit down dinner and dance party. That way she gets to sit & eat w/ everyone like she wanted and dance after. Her GF wanted another venue for the party and dancing at an event after instead but the venue was expensive & till now hasn’t found a dancing event.

I sent dates/venues for wks & got no real feedback bc she wanted to plan a trip for the bday girl. We still talked about layout, separating the dancing, & going out after (even tho she wouldn't confirm when/where). We talked in person, via voicenotes, texts, and IG/tiktok posts for cake ideas. For wks she responded to everything BUT the date/location questions (first sign I guess). Late Aug she's got too many bills for the bday trip, confirms a date finally, & volunteers her home bc she didn't want to repeat last year's venue.

2 wks ago I sent invites to 20ppl (AFTER her gf looked over it), emphasizing a sit down dinner & dance party. 1 wk ago her gf & I talked on the roof re. table layout so I could harass people to RSVP for dinner so we had enough table settings. Important note..AFTER the party was confirmed & she committed her place, she started repainting her entire apt since they're moving in together. I offered a later date and the possibility of a venue change since they were deep in renos(declined both).

2 DAYS after I sent followups (1wk before party), her gf tells me its too much, she's not feeling the dinner party, she wants to order pizza & chill, & she'll put make a dinner res for her bday. Her excuse was her apt isn’t ready (she knew prior to the followups) & my recent medical issue (zero to do w/ them or the party.) I pointed out this wasted 1.5 mos of my effort planning, she said bc it was still dinner my efforts weren't wasted. We talked 2 days later & she doubled down, acting like she had 0 clue everyone was coming for sit down dinner, acting like she had 0 clue I told guests that.

I def inserted myself by planning this for my cousin but we're in our 30s, she deserves her first ADULT bday where she feels celebrated & genuinely thought of. I spent wks calling companies, combing sites for decor bc she's picky, sourcing tables, rallying all her friends, scheduling her arrival. My gut said not to order things w/ the lack of feedback so thankfully I'm not out $. Not trynna make it about me bc its my cousins bday but I’m bothered bc there's no acknowledgment from her gf that she handled this awfully.

AITA bc I’m pissed 1wk before the party my efforts were wasted/minimized AND my cousin isn't getting the celebration she really deserves?",nah
"WIBTA for missing a friend’s birthday
Hello, I am 21 and a senior in college. My friend I met freshman yr has a bday in the end of October, and every year we celebrate by going out on halloweekend. This year, my friends from home are going out to a different city and are trying to convince me to come with them. If I go with them I would be missing her bday weekend. She wants to go out to the frats, but doesn’t have any other plans. Her friends from her hometown are also coming here to celebrate & are getting an airbnb. I really want to go with my hometown friends since it’ll be a new experience (diff city) and frankly I’m tired of going to fraternity parties. I was planning to take her out on her actual bday as well. If I do end up going w my hometown friends, I would leave on Saturday the 31st, so I can still go out on Friday with her. I’m conflicted and I don’t want to seem selfish. Is this fucked up? Should I just suck it up and stay with my college friends?
Also just wanted to add that there is a pretty big group going out with her for her bday. I feel like one person missing out is not the end of the world?",nah
"WIBTA for eloping with my fiance?
I (34F) and my fiance (33M) are considering just eloping and telling family after.

For context, we have been together for 7yrs, engaged for 3, have a 2yr old son and pur daughter is due is a couple months. We both know that this is it. We are each other's forever people. We used to want a small wedding with just the essential people, something simple and not flashy. But, life is life and here we are 3 years later with 2 kids. We have been considering just eloping before our daughter arrives and telling our family after. When I have brought up eloping before, my family expressed that they would prefer we not because they love us both and would want to attend. My fiances family doesn't really care where we do it, but wanted to be there also. I think if we went ahead and got married we would NOT have an actual wedding eventually because.... honestly we just don't care. We would much rather spend the money on vacations with the kids and making memories that way. I am pretty sure we are both on the same page but we also don't want to upset anyone... so, WIBTA if we just went ahead and eloped?

Edit: Thank you everyone for your response. I appreciate everyone's opinion.

I see a lot of people mentioning have the parents in attendance, however I think it is important to note that I don't have either parent and my fiance's dad passed away 4 years ago. So it would really just be his mom and sibs. My siblings are 5 & 6 years older than I am and live outside of my state. They are the ones that expressed they would want to attend a ""wedding"" and discouraged us eploping.

I hope this clears some things up.",nah
"AITA for pushing him away?
AITA for snapping at my brother when he wouldn't stop hugging me after a hard day of work? he has autism and doesn't understand personal space. i understand it and try to be patient in building boundaries around him, but I was overstimulated after a terrible day. i came back home from work at evening, tired as hell as its been a long shift and got into an argument with one of the clients, and all i wanted to do was to rest, really. he was happy to see me and jumped in for a hug. i hugged him back for a moment, then pulled away quickly saying im not in the mood and went to my room. he's very clingy when it comes to touch and loves to cling to me in whatever way he can. i feel horrible for pushing him away, cuz he missed me and now that i think about it, i should've stayed with him a little longer without pushing him away.",nah
"AITA for not wanting to invite my husband’s old housemates to my birthday?
My husband’s birthday is coming up, and I recently asked him what he wanted to do for it. He told me he was planning to invite our old housemates his cousin, his cousin’s wife, the wife’s sister, and one family friend.

I’ll be honest, I felt a bit uncomfortable about it.

Context, we used to live together with his cousin and his cousin’s wife. While we were living together, I sometimes felt like the cousin’s wife had a problem with me. She would occasionally ignore me or act cold toward me and there was always a bit of an unspoken tension. Eventually, my husband and I decided to move out because we felt it would be better for everyone.

After we moved, there was basically no communication between us. They never reached out to us, and we didn’t reach out to them either. There was also some resentment on both sides. I got the impression that they felt like we had abandoned them when we moved because they didn’t really help us when we were moving or check in afterward.

There was never a big argument or anything dramatic it was more of a situation where everyone just stopped talking and left things unresolved.

My husband still works with his cousin and the family friend, so they still see each other and have some interaction through work. But outside of that, there hasn't really been any relationship between us since we moved.

So when my husband said he wanted to suddenly invite them to his birthday, I felt uncomfortable. I understand that it’s his birthday and he should be able to invite whoever he wants and I’m not trying to control that. I just personally don’t feel comfortable pretending everything is fine after months of basically no communication.

The thing is, my birthday is also coming up about a month after his.

Now I’m thinking: if he invites them to his birthday, does that mean I’m expected to invite them to mine too?

Personally, I don’t want to. I don’t have a relationship with them anymore, and I wouldn’t naturally think to invite them to my birthday. I also don't want my birthday celebration to feel awkward or uncomfortable just because I feel obligated to invite people I haven't spoken to in months.

At the same time, I’m wondering if I’m being petty or holding onto something that I should just let go of. Maybe I should simply accept that my husband wants to reconnect with them and not make it a bigger deal.

So, AITA for feeling uncomfortable about my husband inviting them to his birthday and not wanting to invite them to mine?

Would it be unreasonable for me to say that I respect his decision to invite them to his birthday, but I don't want to invite them to mine?",nah
"AITA for dismissing my mother?
I (26f) have been living with my mother (52) for all of my life. We moved out of my step-dad’s place a few years back and got our own apartment, this is our first time living together without anybody else in the picture and I feel like it’s driving both of us insane. I love her a lot, but she can be quite unreasonable with me. I believe a major factor is simply the fact that we spend too much time together and how that can turn a healthy relationship into an unhealthy one, but she thinks that I’m wrong and that if I loved and respected her more, it would work.

I feel like she’s very controlling and protective of me; the very few times I have gone out to hang out with friends in the past or talk to them on the phone or even went out of my way to help them out when in need, she held it against me. Saying things like “you’re too tired to go out with me or do something for me or speak to me, but you don’t hesitate to help strangers“, even guilting me for wanting to make friendships with people my age who are not her. While I spend 99% of my time with her and the times I go out, I only go out with her and/or with my sister.

One time I told her that I would like to start doing things without her, like visit cities and go to conventions, she was on the verge of crying. I felt bad, so I stopped talking about it and she later told me that I was selfish for putting myself in danger for nothing and jeopardizing both my life and hers, given how she really has nobody else outside of me and my sister. Now I feel like I can never talk to her about anything because I fear she’ll later use that information against me or to make me feel guilty/shitty.

Crucial context: my sister has schizophrenia and my mom is severely traumatized after she simply left us one day, lying about where she was living/doing. A church lady on the other side of the US called us months later, telling us she was staying there and was having severe mental episodes. We had no idea about her mental disorder then. She’s doing much better now and she’s medicated, but she doesn’t live with us.

I understand why my mother is concerned for me; I have barely gone out or really “experienced life” the way I should have for my age. I don’t drive, she handles most of our bills because she doesn’t believe I’d do a good job (I do contribute financially, at least 50\50 if not more), and I have a really bad habit of procrastinating important things, but she heavily relies on the excuse of me not being responsible enough to keep me on a leash.

I want to continue living with her and doing plenty of things with her, I really do, but I also feel like I’ll never really grow up or form meaningful connections if I don’t dismiss my mother’s wishes and go out on my own at least every now and then. At the same time, I would hate for this to cause unnecessary trauma for her and further resentment towards me. She is a very good mom outside of this and I’m very far from being a perfect daughter.",nah
"AITA Restructing grandparents from sending photo to aunt and uncle
We have a 2 year old toddler. My wife and I don't want the kid to be shared and compared so we don't personally share photo with others we see unless they ask to see them. The concern is that in this digital age, they are already going to be subjected to alot of internet con and social media, we don't need to start that this early in age.

My parent, (toddler grandparent) loves to take photo of the kid. They don't share it on facebook or instagram. But they sent it out to whatsapp to relatives. (aunt and uncle of mine)

I kindly ask them not to share to the aunt and uncle but they refuse this request. They claim that aunt and uncle are part of the family and they can share with family without issue.

AITA for stopping my parents from sending my kids photo to relatives?",nah
"AITA for not wishing to be in the room when the grandbaby is born even thought my DILs mother is dead
This is kinda a delicate situation and I don’t know if I am being unreasonable or not.

I personally had a horrible time giving birth. I gave birth four times but two of those times were still births. Every single birth was awful, and I overall greatly dislike the hospital in general. My two kids are men and married now.

This is about my youngest son and his wife who I will call Samatha. Her mother passed away earlier this year and she is having a hard time in general. 

She is due to give birth in a month and she asked me if I could be in the delivery room. I told her I would think about it and I have decided that I don’t wish to be there. The deliver room has really bad memories for me and I don’t think I would be a good presence to be there. God forbid anything goes wrong and I think I would spiral. I’ve had panic attacks at hospital before and I wouldn’t be what she needed.

I don’t think it would be wise, and we aren’t that close to begin with so it feels like she just asked me to stand in for her own mother.  Which I also don’t think is a good idea.

I told her I won’t be in the delivery room and explained why. I focused that it would be too much for me since my own experience. I told her when she does give birth I will be close by to see her and the baby after.

She was upset but I thought the conversation went well. I got a call form my son soon after and he called me heartless for not being there and that I need to be there when it happened. 

He told me not to contact them unless it is to tell them I will be there. ",nah
"AITA for sleeping in my livingroom?
Hey, first post

Context: I live with my best friend of 6 years (HB) and his girlfriend (GF) GF isnt involved in this exact situation but HB is.

Today I made it home after work, I said hello to HB and walked to my room and tossed my charger in my room. (I didnt have the intention to sleep yet) I went to the living room where HB was sitting in his chair and watching TV. I sat down to watch with him and we were just chilling. Then the dog came in hooting and hollering to be let out on a walk (the dog his GFs dog and i love that lil critter). HB is the one who always walks the dog so he got up and walked her. while he was gone for the 10 minutes it was silent so I started dozing off. Feeling myself fall asleep I set a 20 minute timer so I can get the satisfaction of the nap and get the ability to sleep later tonight. I doze off and all I hear is HB saying ""hey if you're gonna sleep do it in your room"" I of course just being woken up from my nap I was confused so I asked ""what, why?"" He then says ""I dont get why you insist on sleeping in the livingroom"" i told him ""its my living room and I think its comfortable so I should be allowed to sleep in it"" he said ""I can just stop watching my show cuz I feel like an asshole for watching TV while you sleep"" I told him ""it obviously does not bother me cuz im asleep while its playing"" he just scoffs and turns off the TV I didnt want that to be the final word so I got up and I walked to my room where I am now.

I feel like I might be in the wrong in some way but please let me know. AITA",nah
"AITA for being upset at my friend for not asking how I'm doing
I called my best friend today to tell him about how I'm gonna start seeking therapy after reaching a low point in the past 2-3 days. He answered, and sounded very sick. We joked about how sick he was, then he went on about anime and rambling about certain shows that I had no interest in. He rambled about anime for like a good 5 minutes and it wasn't anything that I had ever seen. I didn't ask anything about those shows, yet he kept rambling. I was waiting for him to ask me anything, like how I'm doing, since I wanted to tell him about my struggles. But he didn't. And then when I started showing him disinterest with his topics, he took a minute before finally going ""well anyways... are you doing good?"" and at that point, I just didn't feel like telling him so I went ""yeah i'm okay."" And then he went on rambling about something else. He rambles a lot, but we've had good conversations before. He also tends to overtalk, and there were many times when he has cut me out. I pointed that out, and he actually got better with that. He tells me that its his ADD that makes him do this, but he will do better and he genuinely does try. Today though, I felt so upset and I really wanted to be vulnerable and talk to him, but it felt like there was just no space for me to do that. He's a really good dude, genuinely introspective and kind, but that shit made me so upset. I know he was sick, tired, and has ADD, and he genuinely tries, so I'm trying to not get too upset about it, but I don't know how to feel about this. I just don't know what to do, if it would be too much to message him about this, if i'm being an asshole when he was clearly sick.",nah
"AITA for refusing to host an event for my 18th birthday?
Sorry if this is all over the place, its my first time asking for advice on here and english is also not my first language. Also sorry if the term asshole doesnt seem to fit at first, i will explain why i believe the term works in a bit.

So for a tiny bit of context, 18th birthdays are like a VERY BIG deal where im from and its usually pretty big events at restaurants or rented bars or stuff. Im turning 18 in like 2 months and my family has been pestering me about what place i want to rent (and even trying to rent a place behind my back) and i just... dont want any of that. I think its a waste of time and money, i have no one to invite (no classmates invited me(so i have no one to invite, whats a bday without guests??)), its too much attention and i generally do not enjoy big events. Ive felt like a stuck up stubborn little kid everytime i argue with my family over it or turn down the offer because not only does it kind of makes my family look bad (not posting bday pics bc i dont enjoy my birthday, people thinking they deliberately do not celebrate me while they do,etc) but also i get why its an important and nice thing to celebrate. The situation isnt set in stone yet but i genuinelly feel like the asshole for constantly refusing and shutting down all ideas because im not even going to put it lightly, i am way too stubborn and stuck on my refusal which from an outside pov genuinelly looks real shitty.

I genuinelly just want to know if i DO sound even more assholeish to people outside of this situation because if yes i might try to compromise something cause i AM aware its frustrating to my family and im being difficult (even if they never said it)",nah
"AITA for paying back money to a former friend without responding to her emotional message?
My former friend (26F) and I (29F) are both PhD students at the same university. We were very close for a long time, but our friendship became distant after she moved in with her boyfriend, which was fine for me. Before that, she lived alone and often called me and asked to spend time together. After she moved in with him, from my perspective, she became much less available, stopped responding as much, and gradually stopped showing up in the friendship. I eventually felt that our friendship had lost its novelty.

Recently, I texted her because I owe her money and wanted to meet her to pay her back. I wasn't reaching out to restart our friendship. She responded by sending me a very long message about everything that had hurt her in our friendship and saying that she feels uncomfortable meeting me.

She said my sense of time had always been difficult for her: I would say we'd hang out for an hour and we'd end up spending eight hours together, or say we'd leave at 4 and still be out at 10. She said this sometimes made her late or caused problems with other people, but she tolerated it because she loved me.

The thing is, she never told me this was a problem. She never asked me to leave earlier or said our plans were stressing her out. So I was very confused reading this now. She says she needed a more “passive” friendship and expected me to understand her reduced availability.

I don't remember demanding her time or asking her to prioritize me. In May, I needed her for advise regarding the PhD and I called several times but she never answered. If she had told me she needed more space, I believe I would have respected it.

She also brought up her boyfriend. I told her I didn't think he was right for her, but this was based largely on things she had told me about their relationship and seeing her cry and suffer because of things happening between them. I wasn't demanding that she leave him or choose between him and me. I simply told her honestly that I was worried about her.

She feels I judged him without knowing the whole story and says she needede me to remain her friend even when I disagree with her decisions.

A lot of the things she describes as problems were never communicated to me at the time. I just don't want to spend hours arguing over whose version of the friendship is correct, I just want to pay her back but now I don't know how to approach that issue.

Part of me feels I should respond and explain my side. Another part of me thinks her opinion is already formed and responding would just lead to a long argument. But would it be rude just to send the picture of the money transfer?",nah
"WIBTA if I publish poetry about my family?
For context, I (21F) use writing poetry almost like a diary/for emotional processing. So a lot of my poetry is pretty sad or angsty I guess. My family is great and I love them and they've done so much for me, but like with any family, there's obviously disagreements and hard feelings and things they've done that hurt me. I have a lot of poetry about these feelings, mostly about my emotional reaction to them not necessarily about what they did wrong (although that's also included). It's poetry so I'm not saying anything outright but still. Anyway I've been thinking about publishing my poems as a book as I want to be an author someday. I showed my brother some of the poems and he noticed I referenced some things my parents have said to me/things they've done and said it'd be disrespectful to publish poems about that, esp if my parents or other relatives end up reading my poetry book (which will probably happen ngl). I've always kinda been the black sheep of the family and it's not my intention to hurt my family by sharing these poems, I just want to share my work and hopefully help people feel less alone but my brother thinks it'd ve huniliating for my parents. Even though most of the poems are pretty abstract. I could always post under a pen name but my work is very important to me and I want the credit for it. So yeah I guess WIBTA if I publish these poems under my actual name?",nah
"WIBTA if I spend my one free weekend with my mom instead of my best friend who is moving abroad
My best friend Alex is moving to Australia in three weeks and wants everyone to hang out at a cabin the weekend before. I already promised my mom I'd finally help her clear out the garage after she had surgery last month. I know it seems small, but those weekends only come around every couple of months, and my mom still isn't supposed to lift anything heavy. Alex says this is the last big group thing before leaving and that I can visit my mom anytime. Mom hasn't said anything outright, but I can tell she's counting on the help and the company. I feel like whichever way I go, someone is going to feel let down. If I stick with the original plan and stay local, would that make me the jerk for picking the quiet weekend over the farewell trip?",nah
"WIBTA to takeaway a musical project from the others when I’ve been hugely unsupported?
I’ve been running a band for 4/5 years now and we’ve had a lot of member changes, which is stressful in itself. Old members were also guilty of being unsupported but I’ll focus on the current members.

I write all the songs, I do all the promotion, contacting, social media, finance and I make the merch and I booked the rehearsals. Also I’m the only one who can drive since our old bassist left for personal reasons.

I’ve mentioned a few times over the past year or so that I’ve felt burnout/overwhelmed with doing everything and I took a big break last Christmas for stress relief. Members have passively offered to help with things but they’ve never actioned this, despite being given access to various accounts and when I nudge about, for example, about getting lyrics done - I’m met with defensiveness or excuses. If I send across ideas, they’re regularly ignored and/or forgotten about and it feels like I’m Sisyphus to be honest.

I’m in a moral quandary about calling it a day with this project because I’m feeling dread about the next release cycle because I know it’ll all be on me to contact press about everything, create promotional plans and organise video shoots.

I like the actual playing but that’s about it.

If I leave the project, the project essentially dies with me. I’m the founder and it’s been said many times that without me, it wouldn’t exist.

Is it wrong for me to take it away because I’m having a bad time/not enjoying it anymore?",nah
"AITA for not making my friends birthday dessert?
My friend Star (25F) has been having a special dinner party for her birthday for the last few years. The very first year, I (26F) made her a fancy birthday dessert that everybody loved. The next year, I was going to surprise her with another fancy birthday dessert, but another friend, Moon (25F) “called it” before I could say anything. This year, I told Star a few months in advance that I wanted to make her special birthday dessert again this year and she approved. Well Star called me a few weeks ago and told me that other people are making some other smaller desserts like cookies and cake pops and requested I do not make anything at all out of fear there will be too many desserts. Well her party is coming up now and Moon texted us that she will be making a cake again this year. On top of that, Star sent a sign up sheet with blank spaces next to some of the food AND desserts. So I signed up for a dessert but texted Star to double check that she still wanted them since Moon is making a cake now and reminded Star that she told me she was worried there would be too much dessert. So first of all, I’m conflicted because Star told me not to make anything at all but then sends a sign up sheet. And second of all, Star replied and told me to not make the desserts I signed up for because Moon is really adamant and excited about wanting to make the cake. So I’m feeling slighted because Star is sparing my feelings to accommodate Moon. I’m also just hurt in general because I have been wanting to make the special dessert two years in a row now and am getting slighted again. If she never wanted me to make anything at all she should have just said so.
So am I the asshole for being upset that I can’t make Stars special birthday dessert?

For additional context, I did move a few hours away from my hometown when these special birthday dinners started. I was renting but this year just bought a house. I also am working full time and started going back to school for my masters degree. It’s a lot all at once. So I thought maybe Star didn’t want to burden me with baking anything but after sending the sign up sheet I’m feeling conflicted.
Since moving away, I have put in a lot of effort to show up for things, host parties at my parents house in my hometown where my friends live so they don’t have to drive hours to visit me, bring decorations and food to other parties and more. But I enjoy doing those things as a labor of love to still prove my efforts to maintain my relationships that are strained by distance. I don’t think I have ever made my friends feel like it’s a burden to do those things but I guess i dont know.",nah
"AITA for not wanting to spend the holiday with my in-laws for the 6th year in the row? I told my husband that I prefer to stay home this year…
We’ve been staying with my in-laws for the holidays for the past five years. I (F38) and my husband (M40) escape our cold winter and go somewhere warm and sunny. It’s a 3.5-hour flight, but because we travel with our dog and there’s a holiday ban on dogs in cargo, we have to stay for almost a month. 25 days including Christmas and New Year.

I’ve had my fair share of issues with my MIL. She can be extremely pushy. She’ll ask you the same thing over and over until she gets a yes, and she can guilt trip you if you say no. At the same time, they are generous and pay for our flights, meals and outings, so I do appreciate that.

The problem is that there’s also an expectation that we interact with their friends and go along with dinners and outings. A small example: I once said no to shopping with MIL. She kept asking me for days until I finally gave in. It turned into 5 hours of running errands and visiting 6 different stores.

I’m also going through a rough patch healthwise. I have chronic pain, recently had surgery, am still recovering, and have more surgeries coming. Even packing and being away from my home is a lot for me right now.

My husband isn’t happy about my decision. He loves going there, seeing the friends we’ve made over the years, skipping the winter for a month, and being pampered with meals and outings. He says he can’t take more time off work because he runs his parents’ small business and normally has no days off. But he did recently take four days off for an annual summer trip with his friends.

We could visit his parents another time when there’s no dog travel ban. The downside is that most of our friends wouldn’t be there. He also says he’s uncomfortable explaining to his parents that we don’t want to spend the holidays with them.

My concern is that I’ll basically be trapped in their house. We have no budget for going out right now, and my husband is very frugal. There’s no Uber where they live, and the closest public transit is a 1.5hour walk. It’s also a small place without much to do. My husband is a homebody and usually doesn’t want to go out anyway.

There’s another issue: MIL has talked about me and my health with her friends, and they know a lot about my personal situation. I’m not comfortable being around people who know all these details.We also can’t comfortably work from there. There’s no cell signal in the house, so I have to run outside every time my phone rings, while also trying to work on my laptop. There’s no proper desk or chair either.

I love seeing some of our friends there, and I understand why my husband wants to go. But with my health, finances and everything else going on, spending 25 days there feels overwhelming rather than like a vacation.

So AITA for deciding we shouldn’t spend that one month of paid-for holiday with my in-laws?",nah
"AITA? Possible communication misunderstanding
My dad is a general contractor and I’ve worked off and on for his business for a few years, alongside him and my older brother. There was only a brief period in 2023 where I was actually on payroll.

My brother and I have the same dad, different moms. In December 2025 my maternal grandmother had a stay in the hospital, the entire month actually. During this time I had helped calculate some change orders for a project, but they weren’t being submitted until the end of the job, which, as of this post is still ongoing.

One day, while at the hospital visiting my grandmother, my brother calls me and says “hey bruh, I’ll be able to pay you out, we just have to finish these change orders.” I said ok and told him I would call him the next day. Honestly I hadn’t heard the term “pay you out” before, but it sounded like finalizing something with a lump sum payment, so I wasn’t mad at that.

So over the course of the next week after that call, I called my brother a few times asking if he wanted to do the change orders, each day, he was busy with something so I was waiting on when he would say he was ready. I called maybe a week after that, and he says “all that stuff is right here at the house bruh, it’s the same stuff you already started.” It sounded like he had an attitude about it and I really didn’t understand. The only reason I was calling him is because he said WE needed to finish the change orders, so I thought we might work together. Now that I was clear it was meant for ME to do them, I just went over to his house and finished what I had started.

It took maybe 2.5 hours and from all the paperwork that was there, I calculated a little over $10,000 in change orders. When my brother got home I let him know I was finished, and he sent me $40.

I honestly felt slighted. My grandmother was in the hospital for what would be her FINAL month of life (she passed away in January), and he called me with this sense of urgency. I thought that the value of what I calculated would be worth more than $40. If I knew he was just paying by the hour I would’ve spent more time with my grandmother.

AITA for feeling weird about this? Or did his communication imply something that he must not have meant? It has been on my mind for months.",nah
"AITA for changing our original plan after getting a better job opportunity?
Me (F24) and my friend (F24) planned to live together to cut down on living expenses.

At the time, I was unemployed, and my friend recommended me to her boss because her workplace needed more people. She was the only one still working there, while the others were leaving to pursue their studies. I messaged her boss, sent my resume, discussed the job, and we eventually set a date for me to start.

However, the job pays 350 per week, which isn’t very stable for me financially. They also don’t provide an official offer letter until after 6 months. So although I agreed to work there, I wasn’t completely certain about it long-term.

Around the same weekend, my friend and I started looking for a studio to rent together. We messaged several studio owners about availability, prices, and other details, and found a few places we were interested in.
That same weekend, I also had my second interview with another company. About two weeks later, I got the job.
The new job pays 2k per month, which is much more stable. It’s also a better opportunity for my career growth, so naturally, I decided to take it.

Last night, I told my friend that I got the job. She pointed out that the studio we were interested in is around 1 hour and 20 minutes from my new workplace by public transport. She said the commute might make me tired and that the studio wouldn’t be convenient for my new job. I told her I didn’t mind and was okay with the commute.

Then she said:
“I mean, I already asked if you wanted to work with me and we could look for a place together somewhere convenient for us to get to work. Then suddenly you want to work somewhere else, which is literally the opposite. I think it’s better if you just find a place near your workplace then. You already confirmed that you wanted to work with me and then suddenly you changed your mind.”

I told her that of course I’d choose the better opportunity bcs I want something that allows me to grow and have a more stable income. I also couldn’t predict whether I’d actually get the other job. Atp, the job with her boss was the only one I’d secured, while the other was still just an interview.

She then said, “Yeah, okay. I hope all the best for you. Hopefully everything goes well.”Now I’m wondering if I’m actually in the wrong. I mean I am and now I feel bad.

I genuinely intended to work with her and live together when we made the original plan. I just couldn’t predict that I’d get another job with a higher and more stable salary.

I understand why she’s upset because we’d already discussed working together, finding a studio, and sharing expenses. But now that my workplace has changed, the original plan are not original anymore.
So, AITA for changing the plan after getting a better and more stable job opportunity?",nah
"WIBTA for calling to complain about minor damages from an air duct cleaning?
I recently had a company come over to clean out my air ducts, since I saw a few of my neighbors doing it and realized that my house has likely never had it done. It’s my first time ever having this kind of service done to my house so I’m not sure of the etiquette.

I live in a 3-story, mostly-vertical townhouse. In order for their vacuum to reach the third floor, the technicians had to carry it up to the second floor. It was a very heavy vacuum, and after they put it down on the second floor, they were loudly complaining about how one of the wheels was broken. At one point, one of the wheels broke completely off, and it nearly fell on my floors. If the technician didn’t catch it, it would have made a huge scratch on my floors. They repaired the wheel, but it was still unsteady. I’m not one to “supervise” technicians in my home. I was playing a video game in the living room and all of the above happened in front of me.

After they left, I noticed thick layers of dust in every room they serviced (they went around with a shop vac but I don’t believe they used it). I also noticed that some of my vents look funny. I don’t recall being able to see through to the duct on a lot of them (I’m thinking they had a filter), and now I can. It may be my imagination, but it makes me wonder if they removed a filter or something and didn’t tell me. I also noticed some small scratches on my flooring, the largest being the size of my pinky finger (not huge, but still noticeable), near where the vacuum toppled over.

I feel bad for two reasons: 1. I have wood laminate flooring, that’s easy to scratch. 2. These were young guys who clearly struggled to carry the vacuum upstairs. They were upset no one warned them the job would entail moving the vacuum from the truck. All this said, I know my house is a pain in the ass to service for these two reasons, so I struggle with being upset about damages while also sympathizing with the technicians because I know it’s hard. I tipped all of them for their extra effort, and they seemed surprised that I gave them anything at all.

My questions are:

Should I be upset about the wheels on the vacuum being broken, and creating a situation that damaged my flooring, though it is minor damage? Should I report it?

Is it expected for them to clean up the dust left by the service, or is that expected for me to do after they leave?

Do air duct vents normally have filters in some places or am I just imagining that they look different?",nah
"WIBTA if I missed my mom's 80th birthday party?
Hello everyone,

So the simple story is this. My mom is turning 80 this year and it just happens to fall on a Saturday. This particular Saturday is my oldest son's very last marching band competition. He is a senior and it will probably be the last time I see him perform their routine as part of the marching band.

I had already told my parents that we would be busy on her birthday bc of the competition. I don't pick the dates, i have no idea of what time they will perform or anything. We were at a family gathering this past weekend and another person asked if my mom would be having a party. My mom was noncommital but i guess told my dad she wanted one later. So now my dad is planning the party on her birthday which is fine, i wouldnt expect any differently, but based on prior experiences, i believe my mom will expect me to miss my son's last competition in order to be present at her party.

I feel bad if i miss it but i dont think i should feel guilty. WIBTA if i miss my mom's 80th birthday party?

ETA missing details- the competitions last all day (8 am to 9pm). they are all ab 2 hours away and we typically dont know what time they perform until the week of. i dont want to tell them ill be there or can help out when i really dont know if its possible. if it's possible to attend both, i definitely will but ive been at a competition all day in years past and cant commit comfortably to anything.

ETA also- i told my parents ab the date of the competition before this relative asked ab a party. i had told them previously, reiterated it at the same event last weekend ab that day being an issue for us, and they started talking ab the party after my mom said she wanted one. so they know that date is an issue for me but seem to be choosing it regardless.

ETA information:

I decided to take the advice of many of the comments and talk to my parents about the date of the party and ask if some flexibility could be afforded die to conflicting schedules.

So I go over to their house and my dad is napping. I go ahead and start talking to my mom about it, asking if they're going ahead with planning a birthday party and my mom says to me that I should talk to my dad. I tell her ok I'll do that but I wanted to reiterate that I'm not available on her actual birthday which is on a Saturday bc of my son's band competition.

I then ask her if it's possible to have the party the next day on Sunday. My mom shakes her head no and says that's not going to work. I ask her why and she says people go to church. I say ok well the party could be at 2 or 3 in the afternoon and the majority of people are done with church at that time. She tells me no again, that Sunday is no good, it needs to be on a Saturday.

I ask her if the party could be the following Saturday then. My mom says no again and that she doesn't want to postpone the party to a later date, period, end of story. The only day she will consider is her actual birthday on the Saturday and tells me that they've already told their friends the day (the party was 1st brought up barely a week ago and is still 2 months away).

I reiterate to her again that I'm not available that day and that if my dad wants my help (which I'm near certain he will), that I won't be able to help out on that day. My mom shrugs her shoulders and says ""it's ok, I'll tell everyone you're busy"" and now I'm bothered bc I had told them weeks ago when I found out ab the competition date just in case. And now my mom is making is out like I planned stuff just bc it was on her birthday.

Not sure what to do from here. We agreed to go out to a restaurant the next day as a family for her birthday but when I talked to my sister, she was upset at the prospect of not having my help bc of my mom wanting it on that specific day. I'm gonna let it play out I suppose and we will see what happens.",nah
"AITA for not letting a friend go home with a stranger?
I (25F) was out at a bar with some friends when one of our friends got really drunk. A guy at the bar had been dancing with her basically the whole night, which honestly isn’t unusual for her whenever we go out.
Later that night, she was getting ready to leave with him. It was the first time any of us had seen her actually intend to go home with a complete stranger while out with us.
My friends and I were just standing around unsure of what to do. Nobody seems to want to step in, but they were visibly uncomfortable with the situation. I asked everyone what they thought, and told them that if they wanted me to step in, I was willing to do it.
There were mixed opinions, mostly passive, but eventually I decided to step in.
I told her that we were about to get food and asked her to come with us. She refused. From there, it turned into this long public standoff. She kept insisting that she was 25, old enough to make her own decisions, and knew what she was doing. She eventually started screaming at me out of frustration because I wouldn’t budge.
At that point, I realized trying to reason with her while she was that drunk clearly wasn’t working, so I tried to de-escalate. I told her, “Let’s all go get late night food first, and if you still want to message him later, you can.”
She still refused.
She then told me that she genuinely intended to sleep with someone that night because she was trying to cope with something she was going through. If anything, that made me feel even more strongly that she wasn’t in the best state to make that decision.
But the whole standoff went on for way too long. She was essentially having a drunken tantrum in public, and everyone was exhausted. Eventually, some of our other friends convinced me that we’d already done what we could and that we should let her make her own decision. So I backed off and let her go.
Since then, the group has basically gone back to pretending everything is normal with her, while things between us have been awkward. I’ve been avoiding her because I don’t really know how to act around her anymore.
Apparently, she told one of our friends that she felt like her autonomy and decision weren’t respected that night. She also said she didn’t remember much of what happened.
I don’t feel like I owe her an apology for prioritizing her safety in that moment.
Now things are awkward between us, and I’ve also become more distant from the friend group because I’ve been avoiding her, and ive been feeling off around them because we collectively agreed and uncomfortable that night with her and yet they're pretending they're okay with it.

AITA?

Follow-up for added context, since there were mixed opinions here:

Before going to the bar, we had no heads-up that she intended to go home with a stranger. It was also one of our friends’ birthdays, so we were there to celebrate together.
At the bar, the guy was being creepy and leering at people, including me while he and my friend were dancing. Some of my other friends eventually tried to talk her out of it. I was the one who spoke to her the most, which apparently was why she mainly remembered me afterward.
She also told me that night that she was using this guy as a way to cope with another guy she met on vacation whom she still couldn’t seem to forget. 
Eventually, we had to leave because we were exhausted. Another group of her friends that happened to be in the area and had joined us at the bar. Since they weren’t there from the start and weren’t as tired, they stayed behind with her, took over, and kept us updated. She ultimately didn’t go home with the guy.
Overall, my concern was the mixed with the concern for her safety, this guy that stayed through the standoff to take her home, the fact that she seemed to be self-sabotaging, and the lack of consideration for the friends she was with.",nah
"AITA for asking a couple to switch tables at a crowded bar?
My friends and I had gone to a bar and it was packed well beyond normal - it was Labor Day weekend, they had live music, and it was raining outside so everyone was inside. We had a small round table, there were five of us cramped in a corner - two sat on the bench along the wall, two sat opposite, and then one sat in the space between our table and the next one. A sixth person wanted to come and so we'd been scoping out other tables as people left, but nothing could fit six.

The table next to us had a couple, they had finished their meal and drinks and were alternating between making out and the woman ignoring the man and drawing in a notebook. The table on the other side of them freed up, so I asked if they'd be willing to move to the free table. The woman looked up and said ""Are you serious?"" in the most incredulous way, as if I'd suggested something totally outrageous.

Suffice it to say we just said ""we were just asking"" and no one moved. It was super awkward after that, and eventually they left and we took the space. AITA?",nah
"AITA for replying with an “ok” text?
We were invited to a buffet dinner with another couple and had to secure childcare so I asked my mom. When I called her at 4 pm we were on our way to her house (5 minutes away) but she informed me that she is at the casino. She doesn’t usually go anywhere and I knew she might have gone to the casino around lunch time but I figured she would be back by 3 or 4 like she said. My husband and I are first time parents with a 4 month old. I wasn’t even going to defend myself until my mom continued to tell me my texts weren’t clear. I genuinely think they were clear she just went out and didn’t think I was coming over.. idk. Should I have texted her back ok see you then or should she have texted me or called me to tell me she wouldn’t be home around 3-4 like she said she would be? Her and I both agreed could have done something I just feel like considering the circumstances the bigger burden to check was on her. Idk
Mom:Morning princess
Me:Hey mom we were invited to a buffet dinner with one of Eric's friends at 3:30-4 can you babysit?
Mom: Your dad has a cold but I feel ok. Glen,your sick dad , and i were going to pechanga around lunch. We should be back by 3
If you want to bring ej over I will watch him
Me: Maybe dad shouldn't go to pechanga lol.
Did you have a gnarly headache recently from the weather cuz I friggin did.
Mom: Your dad isn't going and yes he has had a gnarly headache",nah
"AITA for telling my mom that her nagging is not the reason my sister performed well in school?
I (22F) and my Mom (50s) had an argument during a call that stemmed from talking about my little sister (13) in school. She said that my little sister does not study much unless urged and nagged. I know how my mom gets when she starts nagging because I’ve been at the receiving end before for things other than academics. I told her to not be too harsh or not to nag too much because the outcome will be fine anyway. I am someone who pushed myself academically to the point I was miserable while my older sister was very laid back but she always did well with little effort. In the end we went to the college, same scholarships, and nothing better came out of me crying and slaving over academics in high school. My little sister is like my elder sister.

Then my mom started saying that the only reason my older sister studied and passed high school to make it to college was because of her nagging and urging her to study. Mind you, we were in a school dorm or in other family friends’ homes in a different state during school months because we lived in a very rural area (not USA.) So I told her she can’t take credit for my sister’s grades because she never actually studied when my mom would call her to remind her to study. All it did was make my sister upset and mopey, which was annoying for me because we shared a room. The reason my sister passed is because she’s naturally smart.

The we went back and forth over this for a while and then she got really upset. This is really where I may have been the asshole. She said “your sisters would be at the bottom of their classes without me. They NEED me to remind them and tell them to study. Your older sister’s grades were only good because I would call everyday.” I chucked a little bit and told her I would let my older sister know she said that. The she started crying and said, “don’t you ever look down on me. God may not have given you a very smart mother but if you can’t appreciate the effort and things I do then you are very stupid.” She always says this up when we argue. She said a lot more things about how we don’t appreciate and see her actions and how I’m always looking for a fight and she hung up.

I NEVER said that she did nothing for us or diminished her role as our mother. I do not look down on my mother AT ALL. I love and respect her so much and I know they have done a lot and sacrificed a lot for my and my sisters. All I did was say that her nagging at my sister over the phone did not make her study and I can vouch for that first hand because I was her roommate, so she can’t take credit for her grades in high school.

I don’t know, maybe I’m not seeing her perspective. I didn’t expect her to cry over this and I did not mean to make her cry. So AITA?",nah
"AITA for not wanting to go to my friend's bday party
One of my best friends had her birthday on late August. We were travelling abroad together and ​​​​​we went out for lunch and dinner.

Now she wants to have a dinner party on mid September with all of her friends and then go out at night. I simply don't want to go​.

First of all, the restaurant is pricey and we're all 19yo who don't work and have to rely on our parents. Also, her bday dinner is going to​ be during the uni welcoming week, where all of us will have dinners with classmates. So I don't feel like going out for dinner again, and specially in a restaurant that's so pricey.

In addition, most of her friends are nice people but not very fun and it's always so boring for me when I go out with them, so I would prefer to avoid it.

However, I know my friend cares about birthdays and would like me to be there. But I was there on her birthday! Am I the asshole for not wanting go now?

If you think it's valid, please give me excuses I can use. ​​​​​​​​​​​​​​",nah
"WIBTA if I asked my upstairs neighbor to walk quieter?
Hi, I recently moved into an apartment and my upstairs neighbor walks incredibly loud. Like they’re actually stomping around. I’m a student and spend a lot of time studying. I do wear earbuds a lot to drown out the sound of them but sometimes they walk so loud it vibrates my apartment. I don’t know what to do because it’s driving me crazy.

Obviously I don’t want to be rude, they have a right to live comfortably in their apartment but it makes being here miserable. I won’t be able to move out for another year since my lease just started.

So my question is wibta if I wrote a note to them? Or would it be better to know on their door? Or should I just leave it alone.",nah
"AITA for inviting my best friend (with or without her husband & child) to my birthday trip
I (39F) have a big milestone birthday coming up, so I thought I would celebrate my birthday with a trip to Costa Rica to see some sloths. I decided to invite a small group of close friends to join me, including my close friend ""Sarah"" (36F).

Sarah is married to ""Luke"" (42M) and has a child, ""Mark"" (<2M). So when I went to visit them all a few months ago, I had been planning on inviting Sarah (and the rest of her family if she wanted to bring them) to my birthday trip.

I first asked if she already had any holiday plans for October, she said not yet but they were thinking of doing a trip to Costa Rica sometime in the next 6 months.

I said amazing and that I had been planning on inviting her to costa rica, either just herself or the whole family, whatever was better, and now we could all go together to see the sloths!

She said great, and I added both her and her husband Luke to a group chat with the other invites. The group had some initial messages sharing some possible itinerary activities (including a post from Sarah), then the group went a bit quiet for a while until recently when we started discussing flights. Several people discussed flight options (although not Sarah or Luke), and once there was a consensus, people sent messages confirming that they had booked the flights. Still nothing from Sarah or Luke.

I sent a private message to Sarah saying ""are you still coming?"" to which she replied ""no, I think not, Bringing Mark would potentially make it more difficult for you to do what you wanted and I can't leave him for a week"" I said ""what do i want to do that we can't do with Mark?"" she said ""travelling to the sloths may be tricky with him, he just adds quite a significant complication to everything and reduces a lot of flexibility "".

I tried pushing back, and sent 3 or 4 messages trying to say it would be fine, but then I figured she had already made her mind up and said ""I'm sorry I will stop now. I'm just disappointed""

I spoke to another friend who is coming on the trip and she said ""Sarah was never coming, she told me weeks ago that Mark wasn't invited, and she couldn't leave him for a week"". I was so confused and reached out to Sarah and asked if she thought I hadn't invited her son or was this a miscommunication. She replied ""more that it's not your first choice to have him there, but if I needed to bring him I could""

I thought I was doing the right thing in my original conversation with her by saying ""if you want to come by yourself you can, or you can bring the whole family"". The baby is weaned, Luke has a flexible WFH job so I thought maybe she would like the idea of having a little holiday with just her friends. But I was equally happy if she brought the whole family.

But I am thinking I might be the AH, because clearly she thought I was only inviting Luke and baby Mark because I felt obliged to. I have already apologised for any miscommunication but I want to know AITA?",nah
"AITA for enquiring others for a strange favor which turned out to be a surprise
Hi all, 22M here, very recently I had an argument with a friend of mine 22F (Simplicity sake I'll call her friend1).

For background context: We've known each other in a 5-ppl friend group for 8 months; friend1 has invited the group to her parents' airbnb during their trip.

It started with friend1 asking in our friend group with 3 other friends (friend2, friend3, friend4) about our addresses to make a ""map"" of where we all live, we responded with the general ideas and there's that. Then, about 5 minutes later, friend1 DMs me, asking if I can do her a favor with her sending a package of a woman's top directly to where I live, and therefore, she would need my address.

I am a deeply distrustful person due to my past, and knowing how easily trust can be broken from betrayal issues during high school and family issues (Granted, I have never told my friends about me being distrustful since it involves really personal issues.), so naturally, I would be skeptical and paranoid about this, ""What if it's drugs?"", ""What if it's something illegal that can land me in jail?"", ""How do I know you don't have ulterior motives?"" etc, I'm aware it isn't healthy but yet here we are.

So I offered an alternative, she can send the package to a ""self pick-up location"", she can send it there, I could pick it up and give it to her without giving her my address. And to have some extra reassurance, I tried asking friend2 & friend3, to see if friend1 has ever asked them for favors like this, if she has asked them for similar favors, then great! I don't need to be skeptical, and I'd definitely pick it up for her.

But turns out, friend1,2,3,4 were in another group chat, planning to get my address so they could send me a birthday present as a surprise. But by that time, friend2,3 had already told friend1 that I'm on high alert on the favor that she asked of me.

Friend1 then DMed me, telling me how they were planning to get me a present and therefore they needed my address (via online shopping) in order to send the gift. And about 10 minutes later, she sent me 2-paragraphs of text about how she felt offended when I jumped to being so alarmed that I had to ask friend2 & 3 if they've done the same thing (in this case, picking packages up) for her meanwhile I also offered an alternative, which is implying that I would help her.

AITAH for acting like this? If so, how should I approach? Thanks.

Edit: forgot to mention, Addresses are pretty sensitive information and therefore I didn't want to give it away & The airbnb thing is mentioned since, her reasoning for being offended is because, I shouldn't be that distrustful since she has already invited the whole group to her parents' airbnb.",nah
"AITA after grandma's passing
AITA? I'm seriously at a loss here and just feel damned if I do. Got the call yesterday to get to the house beforemy grandmother passed, rushed over from work and was able to have my moments. Reached out to my cousin out of state while on the way to let them know to be prepared and to let my uncle know as well. After she passed I made a basic Facebook post not a lot of detail but if you were family you would understand. That prompted my aunt on my father's side of my family to call and check on me. We're not the closest usually so was at least calming to me for the moment. That is until my mother found out I was on the phone with my aunt and got aggravated and started making gestures out the corner of my eye before finally blowing up and leaving the area I was at. My mother was trying to plan going to the movies and or dinner to just get her mind off things, wasn't really where my head was at but I wasn't opposed if it was comforting to her and had planned on going. But next thing I know im being called selfish and an asshole and being screamed at for talking to my family. I left on my own then just to get some food and away from the drama since at this point it was 4pm and I still hadn't ate breakfast. Returning back to the house later on it still had not ended. For extra context my grandmother who passed was my mother's mom, my parents had been divorced and my father passed away many years ago. Ive noticed over the years that my mother gravitates more towards her husband's family and doing events with them, I really haven't had any issue with that and made sense to me. But with me talking to my aunt being called into question I did mention that calling and letting his kids know surely was just the same. Did not steer the conversation to an understanding but a pissing match unfortunately that I didnt wish to start nor continue. Ended up just leaving entirely while being told if my aunt is so great to move to just move to her state then.. sorry if this is just incoherent ramblings, at this point i still haven't slept and my heads just a mess.",nah
"WIBTAH if I leave this note on my neighbors door?
Hello, I moved into my apartment in May and although the interior soundproofing is wonderful, the front door lets in a good amount of noise if it’s happening right by the door (I hear the gardeners loudly too, but I’m at work on days they come unless sick). My neighbors have consistently slammed their door every time they leave or enter their apartment. Our doors are maybe 5 steps apart from each other. I have tried to be unbothered by it, but it’s gotten to the point that stuff I’ve hung on the connected wall is RATTLING when they do it.
I’ve said hello to them and had a short introductory conversation with the husband. He actually borrowed my drill shortly after I moved in. I was thinking of leaving this note on the door (also let me preface they are in fact religious which is why I wrote the ending):

“Hello neighbor! I am so sorry to bother, but I know that sometimes if something isn’t said, it may not be known. I wanted to ask if you might kindly be able to close your door softer. Although the insulation is wonderful in the walls of the apartment, it’s simply not the same case with the front doors. I’ve noticed lately that your door seems to slam shut, as it’s been rattling the items I have on the connected wall! Unfortunately, I suffer from insomnia, so loud thuds or banging will easily wake me up. As much as I wish these noises did not affect my sleep, the unfortunately do. It is my sincerest hope that we can come to a friendly understanding! Again, I am incredibly sorry to bother you! - P.S. your daughter is beautiful, blessings to your family”

They’re a young couple with a new baby girl, so I’m fully taking into consideration they may truly not realize. I know I might seem OVERLY friendly, it’s just the last I thing I want to have is a bad relationship with my neighbor. They seem like a wonderful little family and very cordial, I just really don’t think they’re aware of how loud it is. Also I only threw in the banging part because one of their family members comes by (at 9pm last night) and will pound her fist on the door until someone opens the door.

I have a ring camera so I actually shared the audio with two older women I work with and asked if it was overly loud or I was overreacting, they both said they would’ve told off the person that did it, but I’m obviously not going to tell off a neighbor. Anyways, I won’t be putting the note up till the morning when I leave for work, that’s if it really is deemed perfectly fine and NOT like an AH move to put on their door. Thank you in advance! And I am fully open to critique of the letter or changes!",nah
"AITAh for making my friends look bad by trying to be kind ""in the wrong times""
So this has been going on for a while now but yesterday they said they would stop hanging out with me if I continued acting like this.

Yesterday we were invited to a dinner by our professors from an old academy we used to attend. It was a fancy dinner so we were in very formal clothes. We stepped in mud and our shoes got ruined. So one of them suggested that we get it polished by someone on the streets. I said I'll do mine myself but they kept pushing and I agreed. so they found someone in the streets who does that.

This is where we got in a disagreement. I felt really uncomfortable with having some old person clean my dirty shoes while I sat on a chair with my foot on his lap and him just sitting on the ground. It just didn't sit right with me but my friends kept pushing and I didn't want to upset them so I compromised and decided to just take one shoe at a time and give it to the man. I balanced on the other foot.

They didn't speak with me the whole dinner. After dinner they told me ""that I need to quit acting morally superior to the rest of them"" they told me that by me acting like that I made them look bad. They said that I could have just acted like everyone else but I decided to be different.

One of them said that he doesn't feel like he wants to hangout with me anymore because I always do that. He said he really doesn't like when I give out my coins or food to other people when we are outside. He said that people outside of the group have picked up on that and when they compare us they praise me the most because I use them to look better. That I could just do it in private but I chose to do it when they are around

I didn't really argue with that because I know I fuck up a lot. I lack social understanding. So I asked my mom when I came back. She said although she feels proud of me but they are right. She said half of doing something kind is knowing the place and time and I chose weird times. My father agrees with her and told me that the man chose to work like that and he's making an honest living so I didn't have to act like that.

They tried explaining it to me multiple times but I still don't get it. I don't feel like I did anything to make them feel bad about themselves. They felt bad. I slept on it and thought about it more but I still don't see how it's my problem. I am open to other options though AITAh and if I am I really want someone to explain it to me thank you and sorry for the bad English.",nah
"WIBTA if I(35f) ask my dad(62m)to look after my 2 other children while my disabled child has surgery and not go volunteering for 2 weeks
So just for context our family has social care involvement and we have certain conditions I have to abide by to prevent it escalating and the kids being removed. This is mainly around domestic abuse from my husband. So the next 3 months are really important for our family and I'm bending over backwards to prove I'm a good capable mum.

My dad has been supporting us loads over the summer since everything kicked off with my husband and it's been so hard and stressful. But tonight he's sent a text saying the monkey sanctuary he regularly takes volunteering trips to is closing down and they urgently need people. He loves that place and it's the last opportunity to look after the monkeys which he loves. The problem with it is now my husband is out of the picture and I don't have others to lean on he's the person I call if something goes wrong. He's talking about going in like a week or October, avoiding half term. Heres my issue: my disabled son has complex needs and has a tube in his belly for his nutrition. We've known that it's due to be replaced at the end of the year but it's starting to get very tired and can quite easily be moved closer unexpectedly. There's already talk of it being done sooner to prevent problems.

I'm genuinely quite worried that hes going to go hours away (we live in the UK in East Anglia and the monkey sanctuary is in Cornwall area I think) with no support considering everything that's happening. WIBTA?",nah
"AITA Family Drama with grandparents death
Are we the asshole? My mom 53 and me 21 where earlier this dealing with heir parents death. My grandmother died in February this year and my grandpa decided to have legal medical death (we are based in Canada). during is last three months living he was put in hospice. my aunt decided that she was taking care of him everyday for three month until the date. But she didn’t ask if we be able to help her. 1 month before is death she get so angry and start messaging how we horrible and didn’t care of him and other nasty stuff because my mom was not helping her. But my mom is self employed and had also earlier take custody of my niece Because my sister couldn’t take care of her. My mom also take care of my medical expenses which is alot. because I need to go to university for a job because I’m unable to work in retail or any part job du to illness. also my grandad was three hour away from us and he has a other daughter that can have paid sick day. But the aunt said my mom could have come help her anyway and took my niece with her who is carsick btw. the other is that she never ask if it was possible to help or never said she was going everyday and sleeping in the room with our grandad to make sure he was ok. She just let everything boil over and blame us.

are we the asshole?",nah
"AITA for wanting to keep my snake?
This is a whole saga, so I'll just hop right into it and try my best to explain as well as I can. All names are made up for anonymity.

I am in my second year at college; I live on campus. I also have had a pet snake, Persephone (Percy for short), for around 6 years now. I can't take her to my dorm; pets aren't allowed, and even if I did smuggle her, that would still bring up issues during breaks.

I would keep her at my mom's house, but she plans on selling her house soon and moving to her boyfriend's house. We can call him Kyle. Kyle doesn't like snakes; he hates them, actually. Might it be a phobia? Along with that, he doesn't want any animals in his house. He basically just finished having the house built and wants to keep it new.

Which is fine by me, honestly. It's his house and his rules. (Other than our cat, which she told me he would let stay in my sister's room, and now is saying that no, actually, she wants me to stay at my grandma's and take the cat, which is a whole other thing.) The main thing here is Persephone would definitely not be allowed at his house, even if my sister agreed to keep her in her room.

My mom was pushing me to find someone to watch Persephone. I was waiting for her to tell me when she actually planned on selling the house, because I wouldn't want to push her onto a friend for longer than I needed to (I would have paid for her food and given instructions and everything) Mainly because she wasn't eating super good over the summer, and I would rather her be home where I can bother my sister about checking on her.

Well, I was misinterpreting my mom's timeframe, because she wanted Percy out as soon as I was. I thought I would be able to keep Percy at her house until she finalized the move. She made it clear she would rather not do anything regarding taking care of Percy, but my sister was fine with the things I was telling her she might have to do.

Kyle has someone he works with, Larry. Larry loves snakes, and Kyle put Larry up on the board of people who could watch her. I decided that I was ok with Larry watching her.

Larry is awesome! he got her a new setup (which I had been wanting to do with my summer money, but Mom said I shouldn't). But I'm worried he will want to keep her. When I take her back, I'd either take her old stuff or pay for the new stuff he got.

But my mom wants me to get rid of her, to let Larry keep her. She says that when I'm looking for an apartment, when I'm starting my life, do I really want to have to consider her? I think I do; I knew since I got her that she would be with me well into my 30's. I'm turning 20 soon.

I don't want to give her up. That's not how I imagined my life. But would it be better for her to live with someone else? Larry managed to get her to eat, while I was struggling to do so over the summer. It could have been random; she is normally a very good eater, but what if it wasn't? I promised to be better for her, but what if I'm not the best for her?",nah
"AITA for closing the Elevator Door on a Group of People
I 24M, just entered the elevator car in my apartment building and I pressed the 7th floor button. I was looking at the panel and I didn't realize that people wanted to go on the elevator and I didn't see them on time before it closed. Once it closed, I heard a group of people groan and get frustrated at me. I honestly didn't know that people wanted to go on it and I realized that fact once they groaned and the doors were closed.",nah
"AITA for expecting people who ask me to hang out to actually make the plans?
Not the most spiciest post but this has been driving me crazy and I don't want to bother my IG feed / expose the people who I'm talking about.

I'm a pretty social and open person and I feel very lucky that people reach out because they want to hang out. But something that's been increasingly exasperating me is getting messages from new friends/acquaintances asking if I'm free, and then once I give them my availability somehow having the entire planning process flipped back onto me.

It'll go something like this:

Person: Hey how are you doing? Are you free sometime in the next week or two?

Me: Yes! I'm available next week

Person: Next week is pretty open for me too

Me: Great! Let me know what you're thinking

Person: I'm pretty flexible with whatever!

Me: ???

OR something like this which literally just happened:

Person: Hey! Hope you are doing well

Me: Hi! So well - how are you??

Person: Good! You popped in my head yesterday and wanted to say hi. We need a sit down meal sometime.

Me: Aw let's do it! I'm around all of this month!

Person: Yeah let's, just lmk :)

Me: ???????

Like why am I now planning and organizing a hangout with someone who was the one who reached out to me about hanging out? If I say ""I'm free XXX"" is it unreasonable to expect the person who initiated the hangout to then say ""Great, how about X? Want to grab dinner at X?""

I've basically started not responding after this point assuming they'll take the hint that they need to actually follow up and propose something. But they usually don't and then we either never talk again or somehow end up in the exact same cycle a few weeks/months later.

And I genuinely don't know if I'm being unreasonable here. I understand that some people are more passive or less organized than others, and obviously if I initiate the hangout I'm happy to make the plan. But if you reach out to me asking to hang out why am I suddenly responsible for making the hangout happen?? Am I crazy or an asshole for feeling this way??",nah
"AITA for leaving my best friends wedding early ??
Hi all, I’ve never written in before so I apologize if anything is confusing. My (21 F) best friend (25 F) just got engaged last week. She’s been with the guy (29 M) less than a year and says she’s found her “soulmate”. I’ve met the fiancee and he’s fine, average, nothing too special. And they’ve started planning their wedding for THIS November. Crazy I know. Unfortunately she’s just given me the wedding date and it’s on the day my boyfriend (22 M) have a concert. We talked about it last week and she said the wedding will be at 1:30 and I thought it would be fine to leave the reception early( the concert starts at 7). We talked it over on the phone and she seemed fine. She even moved the wedding time back an hour (it was supposed to be at 2:30) for the concert. I even told her after the concert we could come back and party if they’re still there. My boyfriend and I fought for our LIVES in the queue to get these tickets. It’s an artist we both love and have been wanting to see for a while now. She just texted me and said I am no longer the maid of honor at her wedding because I’m doing this. She said she doesn’t understand why I must go to the concert and just miss out on her wedding day. I’m sorry but I don’t understand why she MUST get married 3 months from now … and to think we don’t already have plans. A lot of my other friends planning a wedding wait 1-1.5 years to plan their wedding. So why the rush? I can’t understand what to do or how to feel. I’m hoping I can get some help on here.

edit: some other notes. I was never told I would be the maid of honor (though I should’ve assumed) UNTIL she told me I was no longer. She also never sent out wedding invites (she hasn’t made them yet, she just got engaged 3 days ago). We’ve had the concert tickets for a month.",nah
"AITAH for no longer taking my roommate’s dog out during the day?
This is my first time asking for advice on Reddit, so please bear with me.

I (29F) and my roommate, “Kay” (31F), have been friends since high school. Kay lived abroad for a few years but had to return to the States after she couldn’t renew her visa. She wants to become a French pastry chef and eventually moved to New York, but due to the cost of living, she moved back in with her parents.

While living with them, her parents gave her a dog, “Bud.” She apparently didn’t want a dog at first, but eventually became attached to him.

Around the same time, I was dealing with a roommate who broke our lease, leaving me scrambling to find somewhere to live. I had two cats, had just started a seasonal job, and wasn’t sure how long the job would last.

Kay offered to watch my younger cat for two months so I could stay with my parents, save money, and make sure I had stable employment. She also asked if I would move in with her because she was struggling to live with her parents. I agreed, and we’ve now lived together for about nine months.

The problem is Bud.

We don't have a backyard, so he has to be physically walked outside whenever he needs to relieve himself. Since moving in, I've noticed Kay often doesn't take him out consistently. This happens almost every day, and there have been many occasions where Bud has gone 12–20 hours without being taken outside.

I work from home and used to take him out during my breaks because I care about him and didn't want him to be uncomfortable. However, it’s becoming difficult. I only get two 15-minute breaks and a 30-minute lunch, and I have my own responsibilities and two cats.

Kay has to wake up around 2–2:30 AM for work, but she sometimes wakes up late and leaves without taking Bud out. She gets home around noon or 1 PM, but instead of taking him out, she'll often spend 30–40 minutes talking to her long-distance boyfriend while waiting for DoorDash. Then she'll eat and go to sleep. She usually doesn't take Bud out until after 5 PM.

When I've brought this up, she says she's too tired and needs time to unwind. She hasn't directly asked me to take Bud out, but I can tell she gets upset when I don't.

I've suggested that maybe her parents could take Bud back or that she find him a good home, because I don't think she has the time or energy to properly care for him. She refuses and says she loves him and won't give him away.

I don't think she's a bad person, and I believe she loves Bud. But loving a pet and having the time and ability to properly care for one are two different things.

I feel guilty because I know Bud needs to go outside, and I've helped in the past. But he is not my dog. I already care for my own pets, and I don't think I should have to rearrange my workday because Kay isn't taking care of hers.

So, AITA for no longer taking Bud out during my workday? Should I continue helping because I know he can't take care of himself?",nah
"AITA for the way I treated a guy at the club?

So this happened three days ago and I feel like shit.

Two friends and I (all around 19, F) were at the club and had a great time dancing like there's no tomorrow.

One of them went out to smoke while I and the other friend were still dancing. After a while we went up to the rooftop in order to look for her. There we saw her talking with two guys and we went up to them. They were really nice, just a few years older, and we started introducing ourselves. They spoke the local dialect and were outgoing, which I found very likable. During all of this I already thought one of them was really cute and felt like he thought the same about me. We continued talking and it was really fun. So long story short: He bought me a drink, we flirted and eventually kissed in front of the bar, continued talking on the rooftop etc. Basically: We hit it off. The evening went on and it was great.

And now we get to the asshole part:

Later that night me and my friends wanted to leave, so I told my friend that I wanted to say goodbye. I went up to him, told him that it was a nice evening and asked if he wanted my number, but he didn't understand me over the music. Instead, he said something along the lines of ""If I go with you, I can't get back to the place where I'm from with the train"" in a flirty tone. And in the moment I thought that might be insinuating hooking up with me.

But retroactively I'm not actually sure... He could have just meant going with us and talking would make him miss the train, Idk. I honestly wouldn't have minded either way.

But as I repeated what I said and he still couldn't understand me and neither could I really understand him, I was starting to get frustrated. I was tired and started to think about whether I'm making the right decisions. I also thought that his home is too far away from the place I'm going to move to. (And I was so wrong about that; completely misjudged the distance: It's actually just a 30-minute drive away!) And then I, like an absolute moron, just told him: ""Today I'm not going anywhere with you"", turned around and left. My friend told me after that he looked very awkward and unhappy :(

And I feel so sorry!! It must have felt like I was sending mixed signals and as if I was just playing with him the whole time, which was not the case at all! I was just sort of frustrated because we couldn't understand each other, tired, felt really overwhelmed with the situation and got cold feet in the last second. But I really didn't want to end it like that. I wish I had at least told him that I had a great time, that I think he's a wonderful person and that I wish him the best. But yeah, didn't do that and now I feel like shit.

So am I the asshole or am I just incompetent?",nah
"AITA for asking my friend to return the gift he bought me?
I should've asked when I was debating what to do, but since what's done is done, wondering if I went about it the right way.

Late summer, I mentioned to a friend my interest in a windshield cover against weather. My family parks all our cars out in the driveway, and the car I drive is like 2009 old, so bad weather conditions concern me. But also sounds convenient when it snows to just remove the cover instead of spending 5-10 min in the early mornings wiping snow off the car.

For Christmas, my friend gifts me and my sister 2 car covers. It was a full body car cover size XXL. My sister didnt want it, obviously, since the windshield covers were smth only I've ever wanted. But 2 car covers weren't quite what I had in mind either.

My family has all sizes of cars from mini van, to SUV, to a sedan which I drive. The covers aren't OSFA. It also seems like a hassle or about the same amount of time to wrap my car up and then also have to remove it and store it away. Esp when all cars are used pretty much daily. When the cover is removed from its vacuum sealed package, it's pretty large and hard to fold back up. Kind of inconvenient overall.

Another thing is that my family home is cluttered, and he knows that. I have no need for 2 covers since my sister doesn't want it, and I'm really trying to not keep stuff we won't use in order to declutter the house.

Ive gotten gifts with a receipt for if I wasn't satisfied with the gift before. And once, for another friend, a part of a gift I got them was a duplicate with smth they already had, and I offered to return the copy which they accepted and gave it back.

Because he got 2, I looked up the product and found it on Amazon. I assume he spent at least $60-$100 on these gifts. After debating with myself, I ended up thanking him but admitted the following message:

""idk how to ask. would you be sad/offended if I wanted to return at least one LOL if you're still able to that is idk when you bought em""

He said depends on the reason, so i listed he could get his money back, the other family members likely won't use it so idk what to do with it, and I didnt get him a gift this year.

He responded only one was mine, so I said I appreciated how attentive he was to catch what I wanted in convo but dont want his money to go to waste in which he joked but truthfully said ""Lol how I spend my money is my business "" so i just said he's right and thanked him again. Also clarified later my sister had nothing to do with this (didnt want him thinking she asked to return it) and he also clarified he wasnt mad.

I felt bad tho and imo asking him to return the gift was an AH move, but I really didn't want to keep them either. Luckily, we're still friends haha but dunno how he felt about me asking.

EDIT: thank you for the support that the convo I had was an amicable one",nah
"AITA for not being happy for my parents getting back together after being separated?
sorry if this is long- I feel like the context is important. my 18F parents 44M and 41F are getting back together.

they split up in March of this year after around 4 years of issues including me and my sister 15F finding out by accident that our dad cheated 2 years ago.

since the split my dad has moved to his parents house and has been getting therapy and I have to give it to him our relationship has improved so much and him and my mum have built a lovely friendship since they have to both be involved in my sisters (and my) life and also because 20 years is a long time to throw away.

for context on their relationship they met in 2006 and had me in dec 2007 and had my sister in 2011 and were married the same year. my dad was an amazing dad when we were young and my mum has always been my best friend. during their relationship both parents had various health scares/ issues which were long and stressful and in the last 4 or so years my dad became very lazy, financially irresponsible and my mum built a lot of resentment towards him our house was like a war zone some days never knowing what mood he’d come home in, walking on eggshells etc.

since the split mine and my sisters relationship with him has blossomed and we have been really getting somewhere with family therapy and some individual therapy as my dads mental health was on sharp decline. I’m really greatful for the effort all of us have put in to better our family my dad even was talking about buying his own house and he started seeing someone else.

however, this past summer We went on holiday together and despite her saying that she could never see them back together and that romantic love was not something she was interested in anymore, her and my dad announced to us that they both missed eachother and would like to give their relationship another go. Me and my sister were upset by this and it caused a few big arguments. My mum and dad said they’re taking it extremely slow however are upset with me and my sister as they genuinely believed that we would be the 2 people happiest for them but i genuinely cannot see why they think this will work.
So aita for not being happy for them?",nah
"AITAH for laughing when my dad asked for help with technology?
english isnt my first language so bear with me.

For a bit of context, we had a very stressful launch with my parents, older sister and grandma. My dad is one of the most patient person I know, and it is so sad to see how my grandma (his mom) is so mean and really takes advantage of my dads love and patience towards her (and also money). This time my grandma really crossed a line and my dad lost his patience and left, it was a very ugly situation for everyone there. So, yeah, everyone was very stressed at this point.

Fast foward, in the evening my sister and I where talking about the fact that Im moving to germany for at least a year, we got quite emotional and started crying when we heard my dad coming downstairs. We both quickly tryed to wipe our tears because we didnt want my dad to see us crying after the shitty day he had and add to the drama. When he saw us we froze thinking he would say something about the crying, insted he just said ""do you know how to download a file on the phone?"" my sister and I started to laugh at the situation because we didnt think that would be his first question.

I just said yeah, let me help you. he then said: ""no, its fine, if your going to laugh I wont ask for your help ever again, you are just going to make fun of me, Ill just do it myself"" and left. After that I went to explain to him why we laughed and he didnt believe me and just asked me to leave and said that he always helps us when we need and that he receives only shitty treatment in return. He just expoded, but honestly it wasnt my intention to make him feel that way.

Also, the next day he barely said good morning to me befor going to work (we usually have breakfast together and talk about our upcoming day)

So, AITAH in this situation?",nah
"AITA for telling my friend I was taken aback after she admitted she slept with her boss twice for car repairs and a down payment?
A friend told me she slept with her boss to get a new transmission after her car died. She didn’t have the money and needed the car to get to work. After it was fixed the car still had other problems, so she got a newer used car. She then slept with him again because he offered to cover the down payment.

I told her I was taken aback and didn’t know what to say because that isn’t like her. She agreed it wasn’t like her, but said she needed a reliable car, this was the fastest option, and it wasn’t emotional. She told me to lighten up and that a lot of people have slept with someone in exchange for bills or payments. I said that isn’t common.

Now I feel like an asshole for reacting that way.
AITA? How common is this actually?",nah
"AITA for playing games on my phone while waiting for church to start?
today my wife (26) and I (male 26) went to church two hours before service started. my wife sings with the choir so we come early so that she may practice with everyone. while waiting I decided to play games on my phone. I have a few emulators and was playing Castlevania. I would pause my game when people stopped to say hi but for the most part was sitting down and playing. once church started I got a text from my wife saying playing games at church was socially unacceptable. I asked her why and she said people were asking her why I was playing games. for context this is a Korean church. majority of the people here their don't speak English or speak very little. I dont speak Korean and have always sat by myself while my wife practices waiting for her to finish. I don't really talk to anyone in this church and when I do its simple conversation. (hi, how are you, im good how about you and thats it) when I asked why it wasnt socially acceptable all she said was youre an adult. i responded I am an adult and have the freedom to do what I want in my free time im not hurting anyone im not dismissing conversation its just no one wants to have a conversation longer than 2 minutes with me. she said if you're an adult and can do that you want in your free time then why not go murder someone? at this point im dumbfounded. I dont see how what I do while waiting for church to start should affect anyone especially if im keeping to myself.

tldr: my wife is mad I played games on my phone while waiting for service to start for 2 hours",nah
"AITA for refusing to go to my cousin’s wedding because she won’t let my partner of 3 years come?
My cousin (bride) is getting married and set a plus-one rule: only guests who are married or engaged get to bring a plus one. Out of all us cousins, I’m the only one with a partner right now. We’ve been together 3 years, we live together, we have two cats together, and we’re both on the same page about wanting to get married eventually. We’re just not engaged yet.

Because of the rule, my partner isn’t invited. I asked my cousin directly if she’d make an exception given the length and seriousness of the relationship, and she said no.

Since then, word got back to me that she told the rest of the family she “expects” me to still show up and that my partner “should be fine” not going.

AITA for choosing not to go to the wedding at all?

EDIT: For details, the plus one rule is wedding wide and it is NOT for financial reasons. When I asked for the exception, I asked if someone was to cancel could my partner take their space she still said no because we weren't married or engagement. She and her fiancé began dating around the same time as us.",nah
"AITAH for having my best friend over after helping me move?
My wife and I had a baby on Monday and our baby is currently in the NICU. Actually bought a new house while she was being admitted to the hospital and he was premature. Four days after giving birth, my wife was discharged. We went to visit our baby together in the NICU and then came home that night. The next day, five days postpartum, she went back to the NICU while I stayed behind to work on moving us into our new place. My best friend had been helping nonstop, even moving stuff while we were in the hospital. That day, he helped me move all day. As a thank you, I bought him dinner and a couple of beers and we watched a bit of football. When my wife came home, she was upset that he was there eating, drinking beer, watching football. From my perspective, he’d done me a huge favor, but I also understand she was five days postpartum, stressed, exhausted, and processing a lot. AITA.",nah